Business Name,Address,Phone Number,Facility Type,Referral Priority
ABRAZO ORTHOPEDIC SPECIALISTS ARROWHEAD,"6320 W UNION HILLS DR, GLENDALE, AZ 85308-1096",602-396-9894,Orthopedic,A
ABRAZO SCOTTSDALE CAMPUS REHABILITATION SERVICES,"3811 E BELL RD STE 306, PHOENIX, AZ 85032-2160",602-923-5648,Rehab / Inpatient Rehab,A
ABRAZO WEST CAMPUS WOUND CARE CLINIC,"1325 N LITCHFIELD RD # SU, GOODYEAR, AZ 85395-1213",623-882-1505,Wound Care,A
"ABSOLUTE REHABILITATION AND PAIN MEDICINE, PLLC","7320 E DEER VALLEY RD # SU, SCOTTSDALE, AZ 85255-7453",480-502-0250,Rehab / Inpatient Rehab,A
ADVANCED WOUND HEALING AND HYPERBARIC MEDICINE CTR,"124 W THOMAS RD STE 10, PHOENIX, AZ 85013-4414",602-406-3000,Wound Care,A
ALIGN MEDICAL CENTER,"17014 W BELL RD STE 103, SURPRISE, AZ 85374-2479",623-383-0880,Hospital,A
ALTA MESA HEALTH AND REHABILITATION,"5848 E UNIVERSITY DR, MESA, AZ 85205-7443",480-981-0098,Rehab / Inpatient Rehab,A
ARROWHEAD HOSPITAL CARDIAC REHABILITATION SERVICES,"ARROWHD MED OFC BLDG II, STE 1, GLENDALE, AZ 85308",623-561-7489,Hospital,A
ARROWHEAD HOSPITAL WOUND HEALING AND HYPERBARIC,"18700 N 64TH DR, GLENDALE, AZ 85308-7109",623-561-1000,Hospital,A
BANNER - UNIVERSITY MEDICAL CENTER PHOENIX- BANNER,"4200 E CAMELBACK RD STE 1, PHOENIX, AZ 85018-2718",602-229-2110,Hospital,A
BANNER BOSWELL MED CTR CARDIAC & PULMONARY REHAB,"10503 W THUNDERBIRD BLVD, SUN CITY, AZ 85351-3022",623-832-5390,Rehab / Inpatient Rehab,A
BANNER DESERT MEDICAL CENTER SLEEP CENTER,"2225 W SOUTHERN AVE, MESA, AZ 85202-4716",602-747-4000,Hospital,A
BANNER GATEWAY MEDICAL CENTER - TREATMENT CENTER A,"2940 E BANNER GATEWAY DR, GILBERT, AZ 85234-2168",480-256-4444,Hospital,A
BANNER PHYSICAL THERAPY,"7400 N DOBSON RD STE 103, SCOTTSDALE, AZ 85256-2769",717-975-4556,Rehab / Inpatient Rehab,A
BANNER PHYSICAL THERAPY,"4200 E CAMELBACK RD STE 1, PHOENIX, AZ 85018-2718",602-858-3307,Rehab / Inpatient Rehab,A
BANNER PHYSICAL THERAPY,"20770 W MARKET ST STE 10, BUCKEYE, AZ 85396-8041",717-975-4556,Rehab / Inpatient Rehab,A
BANNER PHYSICAL THERAPY,"3507 S MERCY RD, GILBERT, AZ 85297-0441",480-926-0404,Rehab / Inpatient Rehab,A
BANNER PHYSICAL THERAPY,"13951 W GRAND AVE, SURPRISE, AZ 85374-2436",623-537-9730,Rehab / Inpatient Rehab,A
BANNER PHYSICAL THERAPY,"885 E WARNER RD, GILBERT, AZ 85296-3075",480-681-6400,Rehab / Inpatient Rehab,A
BANNER PHYSICAL THERAPY,"37200 N GANTZEL RD, QUEEN CREEK, AZ 85140-7368",480-690-8080,Rehab / Inpatient Rehab,A
BANNER PHYSICAL THERAPY,"9377 E BELL RD STE 349, SCOTTSDALE, AZ 85260-1502",717-975-4556,Rehab / Inpatient Rehab,A
BANNER PHYSICAL THERAPY,"211 N ESTRELLA PKWY, GOODYEAR, AZ 85338-9339",623-323-1010,Rehab / Inpatient Rehab,A
BANNER PHYSICAL THERAPY,"2222 E HIGHLAND AVE # SUI, PHOENIX, AZ 85016-4872",602-512-8550,Rehab / Inpatient Rehab,A
BANNER PHYSICAL THERAPY,"7430 E PINNACLE PEAK RD, SCOTTSDALE, AZ 85255-3630",717-972-1100,Rehab / Inpatient Rehab,A
BANNER PHYSICAL THERAPY,"4232 E CHANDLER BLVD, PHOENIX, AZ 85048-8879",717-975-4559,Rehab / Inpatient Rehab,A
BANNER PHYSICAL THERAPY,"2830 N 42ND ST, PHOENIX, AZ 85018",602-954-7742,Rehab / Inpatient Rehab,A
BANNER PHYSICAL THERAPY,"23478 NORTH SUNDANCE PARKWAY W, BUCKEYE, AZ 85326",623-257-9462,Rehab / Inpatient Rehab,A
BANNER PHYSICAL THERAPY,"20045 N 19TH AVE BLDG 8, PHOENIX, AZ 85027-4267",717-975-4556,Rehab / Inpatient Rehab,A
BANNER PHYSICAL THERAPY,"6320 W UNION HILLS DR # B, GLENDALE, AZ 85308-1096",717-972-1100,Rehab / Inpatient Rehab,A
BANNER PHYSICAL THERAPY,"1309 N GREENFIELD RD # SU, MESA, AZ 85205-4009",717-972-1100,Rehab / Inpatient Rehab,A
BANNER PHYSICAL THERAPY,"5002 S MILL AVE, TEMPE, AZ 85282-6828",602-512-8607,Rehab / Inpatient Rehab,A
BANNER PHYSICAL THERAPY,"18700 N 64TH DR, GLENDALE, AZ 85308-7109",717-975-4556,Rehab / Inpatient Rehab,A
BANNER PHYSICAL THERAPY,"33777 N SCOTTSDALE RD, SCOTTSDALE, AZ 85266-1569",717-972-1100,Rehab / Inpatient Rehab,A
BANNER PHYSICAL THERAPY,"9321 W THOMAS RD STE 13, PHOENIX, AZ 85037-3387",623-264-6040,Rehab / Inpatient Rehab,A
BANNER PHYSICAL THERAPY (036608),"25101 N LAKE PLEASANT PKWY, PEORIA, AZ 85383-1386",623-471-5550,Rehab / Inpatient Rehab,A
BANNER PHYSICAL THERAPY AND REHABILIATION,"1661 E CAMELBACK RD, PHOENIX, AZ 85016-3911",602-955-8885,Rehab / Inpatient Rehab,A
BANNER PHYSICAL THERAPY AND REHABILITATION,"9917 N 95TH ST, SCOTTSDALE, AZ 85258-4586",480-314-1553,Rehab / Inpatient Rehab,A
BANNER PHYSICAL THERAPY AND REHABILITATION,"1255 W BASELINE RD, MESA, AZ 85202-5820",480-820-7675,Rehab / Inpatient Rehab,A
BANNER PHYSICAL THERAPY AND REHABILITATION,"4045 E BELL RD STE 150, PHOENIX, AZ 85032-2239",602-992-8352,Rehab / Inpatient Rehab,A
BANNER PHYSICAL THERAPY AND REHABILITATION,"5151 E BROADWAY RD, MESA, AZ 85206-1346",480-396-9922,Rehab / Inpatient Rehab,A
BANNER PHYSICAL THERAPY AND REHABILITATION,"5111 N SCOTTSDALE RD # SU, SCOTTSDALE, AZ 85250-7075",480-314-1553,Rehab / Inpatient Rehab,A
BANNER PHYSICAL THERAPY AND REHABILITATION,"1729 W GREENTREE DR # SUI, TEMPE, AZ 85284-2710",480-785-1765,Rehab / Inpatient Rehab,A
BANNER PHYSICAL THERAPY AND REHABILITATION,"4344 W BELL RD STE 100, GLENDALE, AZ 85308-3589",602-548-9882,Rehab / Inpatient Rehab,A
BANNER PHYSICAL THERAPY AND REHABILITATION,"10165 E HAMPTON AVE # SU, MESA, AZ 85209-3327",480-354-5424,Rehab / Inpatient Rehab,A
BANNER PHYSICAL THERAPY AND REHABILITATION,"2853 S SOSSAMAN RD STE A1, MESA, AZ 85212-9625",480-373-9700,Rehab / Inpatient Rehab,A
BANNER PHYSICAL THERAPY AND REHABILITATION,"2942 N 7TH AVE, PHOENIX, AZ 85013-4179",602-277-0084,Rehab / Inpatient Rehab,A
BANNER PHYSICAL THERAPY AND REHABILITATION,"14001 N 7TH ST, PHOENIX, AZ 85022-4382",602-548-5445,Rehab / Inpatient Rehab,A
BANNER PHYSICAL THERAPY AND REHABILITATION,"1025 E BROADWAY RD, TEMPE, AZ 85282-1599",480-829-0217,Rehab / Inpatient Rehab,A
BANNER PHYSICAL THERAPY AND REHABILITATION,"9401 W THUNDERBIRD RD STE 1, PEORIA, AZ 85381-4233",623-977-5451,Rehab / Inpatient Rehab,A
BANNER PHYSICAL THERAPY AND REHABILITATION,"655 S DOBSON RD STE B, CHANDLER, AZ 85224-5667",480-732-0099,Rehab / Inpatient Rehab,A
BANNER PHYSICAL THERAPY AND REHABILITATION,"2400 W DUNLAP AVE, PHOENIX, AZ 85021-2817",602-870-1414,Rehab / Inpatient Rehab,A
BANNER PHYSICAL THERAPY AND REHABILITATION,"13055 W MCDOWELL RD, AVONDALE, AZ 85392-6449",623-547-4787,Rehab / Inpatient Rehab,A
BANNER PHYSICAL THERAPY AND REHABILITATION,"10750 W MCDOWELL RD, AVONDALE, AZ 85392-5960",623-907-0746,Rehab / Inpatient Rehab,A
BANNER PHYSICAL THERAPY AND REHABILITATION,"5605 W EUGIE AVE, GLENDALE, AZ 85304-1272",480-210-6445,Rehab / Inpatient Rehab,A
BANNER PHYSICAL THERAPY AND REHABILITATION,"10503 W THUNDERBIRD BLVD, SUN CITY, AZ 85351-3022",623-888-3700,Rehab / Inpatient Rehab,A
BANNER PHYSICAL THERAPY AND REHABILITATION,"4015 S ARIZONA AVE # SUI, CHANDLER, AZ 85248-4586",480-426-8019,Rehab / Inpatient Rehab,A
BANNER PHYSICAL THERAPY AND REHABILITATION,"2225 W SOUTHERN AVE, MESA, AZ 85202-4716",623-888-3502,Rehab / Inpatient Rehab,A
BANNER PHYSICAL THERAPY AND REHABILITATION,"20851 E RITTENHOUSE RD, QUEEN CREEK, AZ 85142-4493",480-677-3294,Rehab / Inpatient Rehab,A
BANNER PHYSICAL THERAPY AND REHABILITATION,"14418 W MEEKER BLVD, SUN CITY WEST, AZ 85375-5283",623-888-3450,Rehab / Inpatient Rehab,A
BANNER PHYSICAL THERAPY AND REHABILITATION,"2225 W SOUTHERN AVE, MESA, AZ 85202-4716",480-462-3880,Rehab / Inpatient Rehab,A
BANNER PHYSICAL THERAPY AND REHABILITATION,"755 E MCDOWELL RD, PHOENIX, AZ 85006-2506",480-210-6556,Rehab / Inpatient Rehab,A
BANNER PHYSICAL THERAPY AND REHABILITATION,"1972 E BASELINE RD, TEMPE, AZ 85283-1532",480-730-0501,Rehab / Inpatient Rehab,A
BANNER PHYSICAL THERAPY AND REHABILITATION,"2940 E BANNER GATEWAY DR, GILBERT, AZ 85234-2168",480-813-7900,Rehab / Inpatient Rehab,A
BANNER THUNDERBIRD MEDICAL CENTER - BANNER INFUSIO,"13041 N DEL WEBB BLVD STE 10, SUN CITY, AZ 85351-3034",602-865-5058,Hospital,A
BANNER THUNDERBIRD MEDICAL CENTER - BANNER MD ANDE,"13041 N DEL WEBB BLVD STE 200, SUN CITY, AZ 85351-3034",623-832-0300,Hospital,A
BANNER THUNDERBIRD MEDICAL CENTER ADULT AND PEDIAT,"5757 W THUNDERBIRD RD # SU, GLENDALE, AZ 85306-4641",602-865-3600,Hospital,A
BANNER UNIVERSITY MEDICAL CENTER PHOENIX - BANNER-,"4200 E CAMELBACK RD STE 202, PHOENIX, AZ 85018-2718",602-229-2110,Hospital,A
BANNER- UNIVERSITY MEDICAL CENTER PHOENIX - BANNER,"4200 E CAMELBACK RD STE 201, PHOENIX, AZ 85018-2718",602-229-2110,Hospital,A
BANNER- UNIVERSITY MEDICAL CENTER PHOENIX-BANNER M,"925 E MCDOWELL RD, PHOENIX, AZ 85006-2502",623-832-0317,Hospital,A
BANNER- UNIVERSITY ORTHOPEDICS AND SPORTS MEDICINE,"7400 N DOBSON RD STE 201, SCOTTSDALE, AZ 85256-2770",480-733-7400,Orthopedic,A
BARROW BRIDGE NEURO-REHABILITATION,"222 W THOMAS RD STE 30, PHOENIX, AZ 85013-4419",602-406-5001,Rehab / Inpatient Rehab,A
BARROW CENTER FOR TRANSITIONAL NEURO-REHABILITATI,"222 W THOMAS RD STE 40, PHOENIX, AZ 85013-4419",602-406-3473,Rehab / Inpatient Rehab,A
BARROW MOVEMENT DISORDERS OUTPATIENT NEURO-REHABIL,"240 W THOMAS RD STE 303, PHOENIX, AZ 85013-4407",602-406-4324,Rehab / Inpatient Rehab,A
BARROW OUTPATIENT NEURO-REHABILITATION CENTER -,"222 W THOMAS RD STE 11, PHOENIX, AZ 85013-4419",602-406-3726,Rehab / Inpatient Rehab,A
BARROW OUTPATIENT NEURO-REHABILITATION CENTER-NO,"222 W THOMAS RD STE 10, PHOENIX, AZ 85013-4419",602-406-3726,Rehab / Inpatient Rehab,A
BEATITUDES CAMPUS OUTPATIENT REHAB TREATMENT CENTE,"1668 W GLENDALE AVE, PHOENIX, AZ 85021-8971",602-995-2611,Rehab / Inpatient Rehab,A
BELLA VITA HEALTHCARE & REHABILITATION CENTER,"5125 N 58TH AVE, GLENDALE, AZ 85301-7453",623-931-5800,Rehab / Inpatient Rehab,A
BHSM REHABILITATION LLC,"2940 E BANNER GATEWAY DR, GILBERT, AZ 85234-2168",480-813-7900,Rehab / Inpatient Rehab,A
CAMELBACK POST ACUTE CARE AND REHABILITATION,"4635 N 14TH ST, PHOENIX, AZ 85014-4016",602-264-9039,Rehab / Inpatient Rehab,A
CHILDREN'S REHABILITATIVE SERVICES,"3141 N 3RD AVE STE 1, PHOENIX, AZ 85013-4360",602-470-5502,Rehab / Inpatient Rehab,A
CHRISTIAN CARE OUTPATIENT REHAB CENTER,"11830 N 19TH AVE, PHOENIX, AZ 85029-3519",602-443-5447,Rehab / Inpatient Rehab,A
CHRISTIAN CARE OUTPATIENT REHAB CENTER,"16640 N SARIVAL RD, SURPRISE, AZ 85388-2202",623-300-9401,Rehab / Inpatient Rehab,A
CHRISTIAN CARE OUTPATIENT REHAB CLINIC,"118 S 70TH ST, MESA, AZ 85208-1007",480-654-1800,Rehab / Inpatient Rehab,A
CHRISTIAN CARE OUTPATIENT REHAB CLINIC,"155 W BROWN RD, MESA, AZ 85201-3427",480-290-7952,Rehab / Inpatient Rehab,A
COMMUNITY HOSPITAL CLINIC - SURGEONS,"521 ROSE LN, WICKENBURG, AZ 85390-1448",928-668-5506,Hospital,A
COMMUNITY HOSPITAL CLINIC - WICKENBURG,"523 ROSE LN, WICKENBURG, AZ 85390-1448",928-668-1833,Hospital,A
COMMUNITY HOSPITAL CLINIC - WITTMANN,"32919 N CENTER ST # SUI, WITTMANN, AZ 85361-9433",928-668-1845,Hospital,A
CONCENTRA MEDICAL CENTER - SHAMROCK ONSITE,"2926 W ENCANTO BLVD, PHOENIX, AZ 85009-1614",717-884-7414,Hospital,A
CONCENTRA MEDICAL CENTERS - ESTRELLA,"2010 N 75TH AVE, PHOENIX, AZ 85035-3247",717-972-1100,Hospital,A
CONCENTRA MEDICAL CENTERS - RIO SALADO,"1626 S PRIEST DR, TEMPE, AZ 85281-6597",480-921-2273,Hospital,A
CONCENTRA MEDICAL CENTERS - SCOTTSDALE,"10335 N SCOTTSDALE RD, SCOTTSDALE, AZ 85253-1435",480-991-9358,Hospital,A
DESERT HAND AND PHYSICAL THERAPY,"20330 N CAVE CREEK RD, PHOENIX, AZ 85024-4465",713-297-7000,Rehab / Inpatient Rehab,A
DESERT HAND AND PHYSICAL THERAPY,"1860 N 95TH LN, PHOENIX, AZ 85037-4324",713-297-7000,Rehab / Inpatient Rehab,A
DESERT HAND AND PHYSICAL THERAPY,"14239 W BELL RD STE 11, SURPRISE, AZ 85374-2469",623-544-1631,Rehab / Inpatient Rehab,A
DESERT HAND AND PHYSICAL THERAPY,"3104 E INDIAN SCHOOL RD, PHOENIX, AZ 85016-6889",713-297-7051,Rehab / Inpatient Rehab,A
DESERT HAND AND PHYSICAL THERAPY,"5757 W THUNDERBIRD RD # SU, GLENDALE, AZ 85306-4641",602-843-9945,Rehab / Inpatient Rehab,A
DESERT HAND AND PHYSICAL THERAPY,"2195 W CHANDLER BLVD, CHANDLER, AZ 85224-6579",713-297-7000,Rehab / Inpatient Rehab,A
DESERT HAND AND PHYSICAL THERAPY - GOODYEAR,"790 N ESTRELLA PKWY # SU, GOODYEAR, AZ 85338-9289",602-277-3686,Rehab / Inpatient Rehab,A
DESERT HAND AND PHYSICAL THERAPY - MESA,"7165 E UNIVERSITY DR, MESA, AZ 85207-6400",713-297-7020,Rehab / Inpatient Rehab,A
DESERT HAND AND PHYSICAL THERAPY - PEORIA,"10184 W HAPPY VALLEY PKWY, PEORIA, AZ 85383-1254",623-907-2820,Rehab / Inpatient Rehab,A
DESERT HAND AND PHYSICAL THERAPY- GILBERT,"1489 S HIGLEY RD, GILBERT, AZ 85296-4776",602-277-3686,Rehab / Inpatient Rehab,A
DESERT HAND AND PHYSICAL THERAPY- LAVEEN,"5030 W BASELINE RD STE A, LAVEEN, AZ 85339-7331",602-264-6068,Rehab / Inpatient Rehab,A
DIGNITY HEALTH ARIZONA GENERAL HOSPITAL EMERGENCY,"1833 N POWER RD, MESA, AZ 85205-3799",480-398-7340,Hospital,A
DIGNITY HEALTH ARIZONA GENERAL HOSPITAL EMERGENCY,"2977 E GERMANN RD, CHANDLER, AZ 85286-1586",480-732-7540,Hospital,A
DIGNITY HEALTH ARIZONA GENERAL HOSPITAL EMERGENCY,"251 N ESTRELLA PKWY, GOODYEAR, AZ 85338-9334",623-322-6900,Hospital,A
DIGNITY HEALTH ARIZONA GENERAL HOSPITAL EMERGENCY,"14267 W BELL RD, SURPRISE, AZ 85374-2466",623-546-5340,Hospital,A
DIGNITY HEALTH ARIZONA GENERAL HOSPITAL EMERGENCY,"5125 S RURAL RD, TEMPE, AZ 85282-7008",480-306-8780,Hospital,A
DIGNITY HEALTH ARIZONA GENERAL HOSPITAL EMERGENCY,"1910 S GILBERT RD, MESA, AZ 85204-6808",623-584-5100,Hospital,A
DIGNITY HEALTH ARIZONA GENERAL HOSPITAL EMERGENCY,"1064 E RAY RD, CHANDLER, AZ 85225-1542",480-494-5100,Hospital,A
DIGNITY HEALTH ARIZONA GENERAL HOSPITAL EMERGENCY,"5171 W OLIVE AVE, GLENDALE, AZ 85302-4204",602-900-4780,Hospital,A
DIGNITY HEALTH ARIZONA GENERAL HOSPITAL EMERGENCY,"4760 E GERMANN RD, GILBERT, AZ 85297-0205",480-494-5000,Hospital,A
DIGNITY HEALTH ARIZONA GENERAL HOSPITAL EMERGENCY,"4328 E CHANDLER BLVD, PHOENIX, AZ 85048-8839",480-454-3630,Hospital,A
EL MIRAGE EMERGENCY ROOM & MEDICAL CENTER,"12000 N EL MIRAGE RD, EL MIRAGE, AZ 85335-3287",602-214-8061,Hospital,A
FOUNTAIN HILLS MEDICAL CENTER EMERGENCY ROOM,"9700 N SAGUARO BLVD, FOUNTAIN HILLS, AZ 85268-6241",602-671-7990,Hospital,A
HEALTHPRO HERITAGE REHAB & FITNESS LLC,"9160 E DESERT COVE AVE, SCOTTSDALE, AZ 85260-6244",480-327-4391,Rehab / Inpatient Rehab,A
HONOR HEALTH WOUND CARE SERVICES - DEER VALLEY,"19636 N 27TH AVE STE 201, PHOENIX, AZ 85027-4015",623-516-4400,Wound Care,A
HONORHEALTH CARDIAC REHAB CENTER,"9201 E MOUNTAIN VIEW RD, SCOTTSDALE, AZ 85258-5199",480-323-4603,Rehab / Inpatient Rehab,A
HONORHEALTH CARDIAC REHAB CENTER,"19636 N 27TH AVE, PHOENIX, AZ 85027-4013",480-323-3539,Rehab / Inpatient Rehab,A
"HONORHEALTH CARDIAC REHAB, THERAPY SERVICES AND WO","9202 N 2ND ST, PHOENIX, AZ 85020-2458",480-318-1317,Rehab / Inpatient Rehab,A
HONORHEALTH WOUND CARE SERVICES,"20401 N 73RD ST, SCOTTSDALE, AZ 85255-4107",480-324-7815,Wound Care,A
HORIZON POST ACUTE AND REHABILITATION,"4704 W DIANA AVE, GLENDALE, AZ 85302-5125",623-247-3949,Rehab / Inpatient Rehab,A
"INNOVATIVE WOUND SOLUTIONS, LLC","10210 N 92ND ST, SCOTTSDALE, AZ 85258-4509",480-493-0900,Wound Care,A
MBI PHYSICAL THERAPY,"14425 W MCDOWELL RD, GOODYEAR, AZ 85395-2516",602-374-6814,Rehab / Inpatient Rehab,A
MIRANDA PHYSICAL THERAPY,"5815 N BLACK CANYON HWY, PHOENIX, AZ 85015-2250",602-249-0607,Rehab / Inpatient Rehab,A
MONTECITO POST ACUTE CARE AND REHABILITATION,"51 S 48TH ST, MESA, AZ 85206-1250",480-832-8333,Rehab / Inpatient Rehab,A
MOVE HUMAN PERFORMANCE AND PHYSICAL THERAPY,"375 E ELLIOT RD STE 7, CHANDLER, AZ 85225-1122",480-516-5815,Rehab / Inpatient Rehab,A
ORTHOARIZONA SCOTTSDALE SURGERY CENTER,"8405 N PIMA CENTER PKWY, SCOTTSDALE, AZ 85258-4668",239-370-1845,Orthopedic,A
ORTHOARIZONA SURGERY CENTER GILBERT,"1675 E MELROSE ST STE 20, GILBERT, AZ 85297-1001",480-519-8100,Orthopedic,A
ORTHOPEDIC INSTITUTE OF THE WEST,"6950 E CHAUNCEY LN, PHOENIX, AZ 85054-5178",602-726-8806,Orthopedic,A
"ORTHOPEDIC SURGERY CENTER OF ARIZONA, THE","2262 E ROSE GARDEN LN, PHOENIX, AZ 85024-4497",615-240-3820,Orthopedic,A
PHOENICIAN MEDICAL CENTER,"2226 W NORTHERN AVE, PHOENIX, AZ 85021-4970",480-963-1853,Hospital,A
PHOENICIAN MEDICAL CENTER,"1343 N ALMA SCHOOL RD, CHANDLER, AZ 85224-5941",480-963-1853,Hospital,A
PHOENIX CHILDREN'S HOSPITAL ROSENBERG CENTER,"1920 E CAMBRIDGE AVE # SU, PHOENIX, AZ 85006-1459",602-546-0200,Hospital,A
PHOENIX CHILDREN'S HOSPITAL ROSENBERG CENTER-ENDOC,"1920 E CAMBRIDGE AVE # SU, PHOENIX, AZ 85006-1459",602-933-0935,Hospital,A
PHOENIX CHILDREN'S HOSPITAL ROSENBERG CTR DERMATOL,"1920 E CAMBRIDGE AVE # SU, PHOENIX, AZ 85006-1459",602-546-4700,Hospital,A
PHOENIX CHILDREN'S HOSPITAL SPECIALTY CARE- PEDIAT,"1920 E CAMBRIDGE AVE # SU, PHOENIX, AZ 85006-1459",602-279-1697,Hospital,A
PHOENIX CHILDREN'S HOSPITAL-UMOM WELLNESS CENTER,"3333 E VAN BUREN ST, PHOENIX, AZ 85008-6812",602-933-0930,Hospital,A
PHOENIX CHILDREN'S MERCY GILBERT MEDICAL CENTER,"3420 S MERCY RD, GILBERT, AZ 85297-0419",602-933-9880,Hospital,A
PHOENIX CHILDREN'S OUTPATIENT REHAB CTR AT MERCY G,"3420 S MERCY RD, GILBERT, AZ 85297-0419",602-933-9880,Rehab / Inpatient Rehab,A
PHOENIX CHILDREN'S SPORTS MED PHYSICAL THERAPY- PE,"18969 N 83RD AVE STE 4, PEORIA, AZ 85382-2844",602-933-1000,Rehab / Inpatient Rehab,A
PHOENIX CHILDREN'S SPORTSMED PHYSICAL THERAPY - AV,"765 N 114TH AVE, AVONDALE, AZ 85323-5002",602-933-0930,Rehab / Inpatient Rehab,A
PHOENIX CHILDREN'S SPORTSMED PHYSICAL THERAPY-GILB,"3530 S VAL VISTA DR # SU, GILBERT, AZ 85297-7318",602-933-1000,Rehab / Inpatient Rehab,A
PHOENIX CHILDREN'S SPORTSMED PHYSICAL THERAPY-PARA,"4215 E BELL RD STE 100, PHOENIX, AZ 85032-2214",602-933-1000,Rehab / Inpatient Rehab,A
POWERBACK REHABILITATION LLC,"16455 EAST AVENUE OF THE FOUNT, FOUNTAIN HILLS, AZ 85268",480-837-2023,Rehab / Inpatient Rehab,A
PREMIER MEDICAL CENTER LLC,"2225 W PEORIA AVE STE 160, PHOENIX, AZ 85029-4938",623-299-2800,Hospital,A
"PRIORITY MEDICAL CENTER, INC","4340 W MCDOWELL RD, PHOENIX, AZ 85035-4225",602-272-5289,Hospital,A
REGENERATIVE ORTHOPAEDIC MEDICINE,"8580 E SHEA BLVD, SCOTTSDALE, AZ 85260-6685",602-931-9424,Orthopedic,A
RIO VISTA POST ACUTE AND REHABILITATION,"10323 W OLIVE AVE, PEORIA, AZ 85345-7345",623-875-0100,Rehab / Inpatient Rehab,A
"RWW HOME & COMMUNITY REHAB SERVICES, INC","7500 N DREAMY DRAW DR, PHOENIX, AZ 85020-4660",602-943-1012,Rehab / Inpatient Rehab,A
"RWW OUTPATIENT REHAB SERVICES, LLC","13481 W MCDOWELL RD STE 300, GOODYEAR, AZ 85395-2724",844-243-4998,Rehab / Inpatient Rehab,A
SANA PHYSICAL THERAPY,"8035 E BROWN RD, MESA, AZ 85207-3901",480-686-8540,Rehab / Inpatient Rehab,A
SCNM MEDICAL CENTER,"2164 E BROADWAY RD, TEMPE, AZ 85282-1766",480-970-0000,Hospital,A
SHEA POST ACUTE REHABILITATION CENTER,"11150 N 92ND ST, SCOTTSDALE, AZ 85260-6150",480-860-1766,Rehab / Inpatient Rehab,A
ST JOSEPH'S HOSPITAL & MEDICAL CENTER OUTPATIENT I,"500 W THOMAS RD STE 65, PHOENIX, AZ 85013-4224",602-406-3061,Hospital,A
ST JOSEPH'S HOSPITAL AND MEDICAL CENTER OUTPATIENT,"114 W THOMAS RD, PHOENIX, AZ 85013-4405",602-406-3230,Hospital,A
ST JOSEPH'S HOSPITAL AND MEDICAL CENTER- EMERGENCY,"17040 N 51ST AVE, GLENDALE, AZ 85308-1495",602-406-3000,Hospital,A
STI PHYSICAL THERAPY & REHAB-NORTH PHOENIX,"17233 N HOLMES BLVD, PHOENIX, AZ 85053-2018",602-547-1836,Rehab / Inpatient Rehab,A
STI PHYSICAL THERAPY & REHABILITATION - ARCADIA,"4801 E MCDOWELL RD, PHOENIX, AZ 85008-7725",602-956-2850,Rehab / Inpatient Rehab,A
STI PHYSICAL THERAPY & REHABILITATION-SUN CITY,"14802 N DEL WEBB BLVD, SUN CITY, AZ 85351-2146",623-977-2980,Rehab / Inpatient Rehab,A
STI PHYSICAL THERAPY AND REHAB - CENTRAL PHOENIX,"444 W OSBORN RD STE 30, PHOENIX, AZ 85013-3814",602-279-8022,Rehab / Inpatient Rehab,A
STI PHYSICAL THERAPY AND REHABILITATION - MESA,"1941 W GUADALUPE RD, MESA, AZ 85202-7482",480-491-3563,Rehab / Inpatient Rehab,A
STI PHYSICAL THERAPY AND REHABILITATION - WEST PHX,"9150 W INDIAN SCHOOL RD, PHOENIX, AZ 85037-2384",623-931-3838,Rehab / Inpatient Rehab,A
SUN HEALTH LA LOMA OUTPATIENT REHABILITATION CENTE,"14260 W DENNY BLVD, LITCHFIELD PARK, AZ 85340-9643",623-537-7444,Rehab / Inpatient Rehab,A
SUNVIEW RESPIRATORY AND REHABILITATION,"12207 N 113TH AVE, YOUNGTOWN, AZ 85363-1208",623-977-6532,Rehab / Inpatient Rehab,A
SURPRISE HEALTH AND REHABILITATION CENTER,"14660 W PARKWOOD DR, SURPRISE, AZ 85374-4590",623-546-5030,Rehab / Inpatient Rehab,A
SWAN REHAB,"1190 E MISSOURI AVE # SUI, PHOENIX, AZ 85014-2734",800-622-4088,Rehab / Inpatient Rehab,A
TEMPE ST LUKE'S HOSPITAL WOUND CENTER,"1492 S MILL AVE, TEMPE, AZ 85281-5652",480-333-5152,Hospital,A
"TERRACES OF PHOENIX OUTPATIENT REHAB, THE","7550 N 16TH ST, PHOENIX, AZ 85020-4618",602-371-4100,Rehab / Inpatient Rehab,A
TOPS PHYSICAL THERAPY LLC,"5353 N 16TH ST STE 1, PHOENIX, AZ 85016-3224",602-826-0037,Rehab / Inpatient Rehab,A
VIBRANTCARE OUTPATIENT REHAB WEST INC (036541),"5601 W EUGIE AVE, GLENDALE, AZ 85304-1255",602-843-8436,Rehab / Inpatient Rehab,A
"VIBRANTCARE OUTPATIENT REHAB WEST, INC (036541)","402 E GREENWAY PKWY # SUI, PHOENIX, AZ 85022-2350",602-789-6878,Rehab / Inpatient Rehab,A
"VIBRANTCARE OUTPATIENT REHAB WEST, INC (036541)","5440 E SOUTHERN AVE # SUI, MESA, AZ 85206-2779",480-641-3533,Rehab / Inpatient Rehab,A
VIBRANTCARE OUTPATIENT REHABILITATION WEST,"1728 W GLENDALE AVE, PHOENIX, AZ 85021-8860",480-839-2196,Rehab / Inpatient Rehab,A
"VIBRANTCARE OUTPATIENT REHABILITATION WEST, INC","1850 E NORTHROP BLVD, CHANDLER, AZ 85286-1706",480-469-1805,Rehab / Inpatient Rehab,A
"VIBRANTCARE OUTPATIENT REHABILITATION WEST, INC","2020 N CENTRAL AVE # SUI, PHOENIX, AZ 85004-4501",602-256-7232,Rehab / Inpatient Rehab,A
"VIBRANTCARE OUTPATIENT REHABILITATION WEST, INC","9139 W THUNDERBIRD RD # SU, PEORIA, AZ 85381-4913",623-972-1212,Rehab / Inpatient Rehab,A
"VIBRANTCARE OUTPATIENT REHABILITATION WEST, INC","13657 W MCDOWELL RD STE 118, GOODYEAR, AZ 85395-2602",623-935-5538,Rehab / Inpatient Rehab,A
"VIBRANTCARE OUTPATIENT REHABILITATION WEST, INC.","1728 W GLENDALE AVE STE 102, PHOENIX, AZ 85021-8862",602-249-0202,Rehab / Inpatient Rehab,A
"VITAL CARE REHABILITATION, LLC","14545 W GRAND AVE, SURPRISE, AZ 85374-7278",623-544-0300,Rehab / Inpatient Rehab,A
1Care Hospice Arizona,"8687 E VIA DE VENTURA STE 111, SCOTTSDALE, AZ 85258-3353",480-590-2367,Hospice,B
A TLC HOSPICE LLC,"3960 E RIGGS RD STE 3, CHANDLER, AZ 85249-5411",480-687-2892,Hospice,B
Ability Hospice,"4710 E FALCON DR STE 201, MESA, AZ 85215-2504",480-447-9049,Hospice,B
ADVENT HOSPICE LLC,"4025 E CHANDLER BLVD, PHOENIX, AZ 85048-8829",602-824-8730,Hospice,B
"ADVISACARE HOSPICE, LLC","1757 E BASELINE RD, GILBERT, AZ 85233-1532",480-284-4600,Hospice,B
ADVOCATE HOSPICE,"7600 N 16TH ST, PHOENIX, AZ 85020-4431",602-830-0605,Hospice,B
"AEGIS HOSPICE, INC (031613)","4950 S LINDSAY RD, CHANDLER, AZ 85249-9203",480-219-4790,Hospice,B
"Aegis Hospice, Inc.","7227 E BASELINE RD STE 129, MESA, AZ 85209-5006",480-219-4790,Hospice,B
Agave HOSPICE,"3240 E UNION HILLS DR # SU, PHOENIX, AZ 85050-2609",602-855-3500,Hospice,B
ALBRIGHT HOSPICE INC,"7150 E CAMELBACK RD STE 4, SCOTTSDALE, AZ 85251-1200",480-550-9382,Hospice,B
ALECA HOSPICE,"8502 E PRINCESS DR, SCOTTSDALE, AZ 85255-7802",480-748-4300,Hospice,B
ALL CARE HOSPICE INC,"8712 E VISTA BONITA DR, SCOTTSDALE, AZ 85255-4299",480-582-4110,Hospice,B
ALL HEART HOSPICE LLC,"105 N PASADENA ST # SUI, GILBERT, AZ 85233-5013",480-246-3593,Hospice,B
ALL TIME HOSPICE CARE INC,"13231 N 35TH AVE STE A11-C, PHOENIX, AZ 85029-1233",747-877-9357,Hospice,B
ALLEGIANCE HOSPICE,"5060 N 19TH AVE STE 406, PHOENIX, AZ 85015-3214",602-684-2962,Hospice,B
ALWAYS PRESENT HOSPICE,"1400 N GILBERT RD, GILBERT, AZ 85234-2328",480-907-9737,Hospice,B
AMERICAN CARE CONCEPTS HOSPICE LLC,"105 N PASADENA ST # SUI, GILBERT, AZ 85233-5013",602-902-1982,Hospice,B
"AMERICAN PREMIER HOSPICE, LLC","11070 N 24TH AVE STE 200, PHOENIX, AZ 85029-4705",602-795-9480,Hospice,B
AMERICARE HOSPICE AND PALLIATIVE CARE,"1212 N SPENCER # SUI, MESA, AZ 85203-4347",480-726-7773,Hospice,B
"Amha Hospice, LLC","2577 W QUEEN CREEK RD STE 200A, CHANDLER, AZ 85248-0913",480-359-3998,Hospice,B
ANGELS HEART HOSPICE INC,"722 E OSBORN RD STE 30, PHOENIX, AZ 85014-5245",480-741-4604,Hospice,B
Angels Touch Hospice Care Inc,"1940 E THUNDERBIRD RD STE 101, PHOENIX, AZ 85022-5760",602-327-4386,Hospice,B
ANTHEM EAST LLC,"105 N PASADENA ST # SUI, GILBERT, AZ 85233-5013",480-716-7745,Hospice,B
Anthem Hospice Care,"105 N PASADENA ST # SUI, GILBERT, AZ 85233-5013",480-588-5777,Hospice,B
APOLLO HOSPICE INC,"14631 N CAVE CREEK RD, PHOENIX, AZ 85022-4159",818-851-6060,Hospice,B
Aquarius Hospice,"11225 N 28TH DR STE A204, PHOENIX, AZ 85029-5631",602-466-3686,Hospice,B
ARA HOSPICE CARE INC,"4150 E PEORIA, STE 114-A, PHOENIX, AZ 85029",480-300-3130,Hospice,B
"Arch Hospice, Llc","10210 N 32ND ST STE C202, PHOENIX, AZ 85028-3827",480-229-8298,Hospice,B
ARDENT HOSPICE LLC,"1256 W CHANDLER BLVD, CHANDLER, AZ 85224-5207",480-851-0380,Hospice,B
"Arizona American Hospice, Llc","3101 N CENTRAL AVE STE 770, PHOENIX, AZ 85012-2665",480-500-8544,Hospice,B
ARIZONA CARE HOSPICE,"12035 N SAGUARO BLVD, FOUNTAIN HILLS, AZ 85268-4682",480-588-8200,Hospice,B
ARIZONA HOSPICE CARE INC,"13201 N 35TH AVE STE B9Z, PHOENIX, AZ 85029-1222",623-323-5199,Hospice,B
Arizona Life Hospice,"4824 E BASELINE RD, MESA, AZ 85206-4676",480-888-5609,Hospice,B
ARIZONA PROFESSIONAL HOSPICE CARE,"11225 N 28TH DR, PHOENIX, AZ 85029-5606",602-334-5778,Hospice,B
ASCENSION HOSPICE LLC,"6263 N SCOTTSDALE RD STE 1, SCOTTSDALE, AZ 85250-5406",602-325-6630,Hospice,B
ASPEN HOSPICE,"17505 N 79TH AVE, GLENDALE, AZ 85308-8725",602-609-6777,Hospice,B
ASSISTED HOSPICE CARE,"1420 E MISSOURI AVE # SUI, PHOENIX, AZ 85014-2405",480-860-2345,Hospice,B
"Assisteo Hospice, LLC","2929 N 44TH ST, PHOENIX, AZ 85018-7238",602-455-1823,Hospice,B
Astra Hospice Care,"3420 E SHEA BLVD, PHOENIX, AZ 85028-3345",480-645-9660,Hospice,B
AURORA HOSPICE LLC,"1930 S ALMA SCHOOL RD, MESA, AZ 85210-3064",480-564-1058,Hospice,B
AVESTA HOSPICE INC,"312 N ALMA SCHOOL RD # SU, CHANDLER, AZ 85224-4354",602-820-8168,Hospice,B
AVIANT HOSPICE MARICOPA,"2430 W RAY RD STE 3A, CHANDLER, AZ 85224-3552",480-398-3018,Hospice,B
AVIANT HOSPICE PHOENIX,"1400 N GILBERT RD, GILBERT, AZ 85234-2328",480-398-2411,Hospice,B
AZ HOSPICE CARE INC,"1825 E NORTHERN AVE # SUI, PHOENIX, AZ 85020-3940",480-645-9640,Hospice,B
AZ SUNSET HOSPICE,"4045 E UNION HILLS DR, PHOENIX, AZ 85050-3386",480-544-9334,Hospice,B
AZORNA HOSPICE AND PALLIATIVE CARE,"2919 S ELLSWORTH RD # SUI, MESA, AZ 85212-2164",480-637-4100,Hospice,B
BELIEF HOSPICE,"1930 S ALMA SCHOOL RD # SUI, MESA, AZ 85210-3064",480-845-8088,Hospice,B
Best Support Hospice Inc,"4150 W PEORIA AVE STE B130-D, PHOENIX, AZ 85029-3945",602-960-6027,Hospice,B
BILLET HOSPICE INC- PEORIA,"6718 W GREENWAY RD, PEORIA, AZ 85381-4583",833-224-5538,Hospice,B
"Billet Hospice, Inc - Phoenix","5540 W GLENDALE AVE STE C, GLENDALE, AZ 85301-2550",833-224-5538,Hospice,B
BLISS HOSPICE LLC,"2550 W UNION HILLS DR # 3, PHOENIX, AZ 85027-5163",602-492-1643,Hospice,B
BLUE HAVEN HOSPICE CARE INC,"4150 W PEORIA AVE STE B114, PHOENIX, AZ 85029-3945",480-885-5119,Hospice,B
BLUE SKY HOSPICE CARE INC,"4150 W PEORIA AVE STE B114C, PHOENIX, AZ 85029-3945",480-885-5283,Hospice,B
"Blue Sky Hospice, Inc","8035 E BROWN RD STE 20, MESA, AZ 85207-3901",480-389-2484,Hospice,B
BPR HEALTH INC,"4150 W PEORIA AVE STE B, PHOENIX, AZ 85029-3900",818-399-7111,Hospice,B
"BRIDGES HEALTH SERVICES, INC","1301 E MCDOWELL RD, PHOENIX, AZ 85006-2621",602-995-6956,Hospice,B
Bright Life Care Hospice Llc,"10000 N 31ST AVE STE C216, PHOENIX, AZ 85051-9628",602-607-5017,Hospice,B
Canyon Hospice,"2031 HIGHWAY 95, BULLHEAD CITY, AZ 86442-6004",928-605-4009,Hospice,B
"Care Plus Hospice Care, Llc","10290 N 92ND ST, SCOTTSDALE, AZ 85258-4522",623-476-9198,Hospice,B
CARELIFE HOSPICE LLC,"16042 N 32ND ST STE C4-C, PHOENIX, AZ 85032-0027",480-234-3568,Hospice,B
"Caring Hands Palliative And Hospice Care, Inc","10000 N 31ST AVE STE D119, PHOENIX, AZ 85051-9582",602-742-0370,Hospice,B
CASA DE LA LUZ EAST VALLEY,"1910 S STAPLEY DR, MESA, AZ 85204-6674",480-895-5434,Hospice,B
Choice Hospice,"2111 E HIGHLAND AVE # SUI, PHOENIX, AZ 85016-4741",602-795-9705,Hospice,B
COMFORTING HOSPICE CENTER INC,"4150 W PEORIA AVE, PHOENIX, AZ 85029-3900",480-674-0540,Hospice,B
Compassus - Phoenix,"5333 N 7TH ST STE C123, PHOENIX, AZ 85014-2815",417-841-4834,Hospice,B
CORNERSTONE HOSPICE INC,"4600 E WASHINGTON ST, PHOENIX, AZ 85034-1903",480-666-3964,Hospice,B
Creek View Hospice LLC,"4657 E COTTON GIN LOOP, PHOENIX, AZ 85040-8830",602-603-5165,Hospice,B
"D'AMORE HOSPICE, LLC","10000 N 31ST AVE, PHOENIX, AZ 85051-9582",602-612-4111,Hospice,B
"DESERT SKY HOSPICE, LLC","2737 E GREENWAY RD, PHOENIX, AZ 85032-4391",602-899-9068,Hospice,B
Desert Valley Hospice Llc,"20045 N 19TH AVE, PHOENIX, AZ 85027-4252",602-999-0960,Hospice,B
Devoted Hospice Care Inc,"4150 W PEORIA AVE STE B, PHOENIX, AZ 85029-3900",602-742-0335,Hospice,B
DIGNITY HOSPICE,"1 W DEER VALLEY RD STE 1, PHOENIX, AZ 85027-2128",602-402-6619,Hospice,B
"Divine Hospice and Palliative Care, LLC","18185 N 83RD AVE STE 203, GLENDALE, AZ 85308-0523",623-566-7995,Hospice,B
Doctors Choice Hospice LLC,"60 E RIO SALADO PKWY # SU, TEMPE, AZ 85281-9124",480-240-0278,Hospice,B
DR ALBERT ECKSTEIN CTR FOR PALLIATIVE CRE (031517),"9808 N 95TH ST, SCOTTSDALE, AZ 85258-4597",602-530-6900,Hospice,B
E&E HOSPICE CARE INC,"4150 W PEORIA AVE, PHOENIX, AZ 85029-3900",602-922-4373,Hospice,B
ELEMENTS OF ELDER CARE LLC,"2990 E NORTHERN AVE # C10, PHOENIX, AZ 85028-4835",602-641-9505,Hospice,B
ELEVATE HOSPICE AND PALLIATIVE CARE LLC,"7010 E ACOMA DR STE 1, SCOTTSDALE, AZ 85254-3553",480-800-4816,Hospice,B
EMBLEM HOSPICE,"1400 E SOUTHERN AVE, TEMPE, AZ 85282-5691",480-444-7800,Hospice,B
Emblem Hospice Central,"301 E BETHANY HOME RD # SU, PHOENIX, AZ 85012-1263",623-847-2323,Hospice,B
EMBLEM HOSPICE WEST,"301 E BETHANY HOME RD, PHOENIX, AZ 85012-1263",623-322-8686,Hospice,B
"EMPEROR HOSPICE OF ARIZONA, INC","1839 S ALMA SCHOOL RD, MESA, AZ 85210-3023",602-609-2555,Hospice,B
"Empress Care Hospice, Inc","1839 S ALMA SCHOOL RD STE 170, MESA, AZ 85210-3025",602-809-2911,Hospice,B
ENCORE HOSPICE LLC,"4122 W INNOVATIVE DR STE 10, PHOENIX, AZ 85086-3846",623-248-6636,Hospice,B
Endeavor Hospice,"4858 E BASELINE RD STE 104, MESA, AZ 85206-4638",480-674-8228,Hospice,B
Enhabit Hospice,"1635 N GREENFIELD RD # SU, MESA, AZ 85205-4005",480-407-4597,Hospice,B
ENHABIT HOSPICE,"5701 W TALAVI BLVD, GLENDALE, AZ 85306-1886",623-335-6601,Hospice,B
Eternity Hospice & Palliative Care,"4140 N 108TH AVE, PHOENIX, AZ 85037-5466",602-374-6878,Hospice,B
Everest Hospice,"14970 W INDIAN SCHOOL RD # SU, GOODYEAR, AZ 85395-7818",623-282-9255,Hospice,B
EVERGREEN HOSPICE LLC,"1930 S ALMA SCHOOL RD, MESA, AZ 85210-3064",480-845-8182,Hospice,B
Expert Hospice Care Inc,"11811 N TATUM BLVD STE 3031, PHOENIX, AZ 85028-1621",602-805-9400,Hospice,B
FAITH HOSPICE,"426 N 44TH ST STE 4, PHOENIX, AZ 85008-6508",602-476-2047,Hospice,B
FAMILY CARE HOSPICE INC,"3420 E SHEA BLVD, PHOENIX, AZ 85028-3345",602-805-7940,Hospice,B
FAMILY COMFORT HOSPICE CARE INC,"4150 W PEORIA AVE, PHOENIX, AZ 85029-3900",480-674-6551,Hospice,B
"Family First Hospice, Inc","11225 N 28TH DR STE B111, PHOENIX, AZ 85029-5605",480-482-1833,Hospice,B
FIRST COMFORT HOSPICE INC,"13416 N 32ND ST, PHOENIX, AZ 85032-6000",747-666-1891,Hospice,B
Four Star Hospice Care,"2222 S DOBSON RD, MESA, AZ 85202-6481",480-597-5576,Hospice,B
Garnet Hospice Care Inc,"13416 N 32ND ST, PHOENIX, AZ 85032-6000",602-887-3040,Hospice,B
Gentiva II,"201 W GUADALUPE RD, GILBERT, AZ 85233-3332",480-461-3144,Hospice,B
GENTIVA II,"13540 W CAMINO DEL SOL # SUI, SUN CITY WEST, AZ 85375-4434",704-662-0416,Hospice,B
GENTLE TOUCH PALLIATIVE & HOSPICE CARE INC,"4150 W PEORIA AVE STE B1, PHOENIX, AZ 85029-3900",602-922-0236,Hospice,B
Global Hospice Arizona,"9915 E BELL RD STE 114, SCOTTSDALE, AZ 85260-2395",480-716-1119,Hospice,B
"Golden Care Hospice, LLC","2320 W PEORIA AVE STE C122C, PHOENIX, AZ 85029-4742",480-229-8298,Hospice,B
Golden Horizon Hospice Inc,"15333 N PIMA RD STE 305, SCOTTSDALE, AZ 85260-2717",602-235-0762,Hospice,B
GOLDEN HOSPICE CARE INC,"4150 W PEORIA AVE, PHOENIX, AZ 85029-3900",747-307-5566,Hospice,B
GOLDEN ROSE HOSPICE CARE INC,"4150 W PEORIA AVE STE B114, PHOENIX, AZ 85029-3945",480-885-5116,Hospice,B
Golden Year Hospice Care Inc,"2550 W UNION HILLS DR, PHOENIX, AZ 85027-5163",602-834-0167,Hospice,B
GOOD SAMARITAN HOSPICE,"10000 N 31ST AVE, PHOENIX, AZ 85051-9582",602-612-2251,Hospice,B
Good Shepherd Hospice Care Inc,"4150 W PEORIA AVE, PHOENIX, AZ 85029-3900",480-712-0700,Hospice,B
HANDS OF HOPE HOSPICE LLC,"2266 S DOBSON RD STE 200-252, MESA, AZ 85202-6412",480-805-8338,Hospice,B
Haven Hospice,"15551 N GREENWAY HAYDEN LOOP, SCOTTSDALE, AZ 85260-1210",888-752-8055,Hospice,B
HEARTS OF HOSPICE LLC,"11225 N 28TH DR STE A, PHOENIX, AZ 85029-5606",480-572-0132,Hospice,B
HIDDEN HILLS HOSPICE,"1825 E NORTHERN AVE STE 161, PHOENIX, AZ 85020-3812",602-675-0277,Hospice,B
Holy Cross Hospice,"1103 S MESA DR, MESA, AZ 85210-8722",480-718-5678,Hospice,B
Horizon Hospice,"2720 E THOMAS RD STE B, PHOENIX, AZ 85016-8299",480-894-5113,Hospice,B
Hospice At Heart To Heart Inc,"13231 N 35TH AVE STE 10A, PHOENIX, AZ 85029-1233",480-808-8885,Hospice,B
"HOSPICE AT HOME OF ARIZONA, LLC","2500 S POWER RD, MESA, AZ 85209-6686",480-478-0643,Hospice,B
Hospice In The Desert LLC,"639 E SPEEDWAY BLVD, TUCSON, AZ 85705-7433",520-248-8129,Hospice,B
"HOSPICE OF AMERICA, LLC","1837 S MESA DR STE C, MESA, AZ 85210-6246",480-219-8259,Hospice,B
"HOSPICE OF HOPE, LLC","17505 N 79TH AVE, GLENDALE, AZ 85308-8725",623-399-6910,Hospice,B
Hospice Of Phoenix Inc,"16165 N 83RD AVE, PEORIA, AZ 85382-5816",602-675-9090,Hospice,B
Hospice Of Stars Inc,"10000 N 31ST AVE STE C202, PHOENIX, AZ 85051-9620",602-732-7355,Hospice,B
HOSPICE OF THE VALLEY - CENTRAL,"1510 E FLOWER ST, PHOENIX, AZ 85014-5656",602-287-7000,Hospice,B
Hospice of the Valley - West (031515),"9435 W PEORIA AVE, PEORIA, AZ 85345-6479",623-583-4848,Hospice,B
HOSPICE OF THE VALLEY DOBSON HOME (031505),"1188 N DOBSON RD, CHANDLER, AZ 85224-4004",480-786-1900,Hospice,B
Hospice of the Valley East,"2020 E WOODSIDE CT, GILBERT, AZ 85297-7339",480-730-5980,Hospice,B
HOSPICE OF THE VALLEY RYAN HOUSE (031500),"110 W MUHAMMAD ALI WAY, PHOENIX, AZ 85013-4500",602-234-6750,Hospice,B
HOSPICE OF THE VALLEY SURPRISE PCU (031515),"14066 W WADDELL RD, SURPRISE, AZ 85379-8736",623-975-9292,Hospice,B
HOSPICE OF THE VALLEY'S SHERMAN HSPC HOME (031517),"5801 E MAYO BLVD, PHOENIX, AZ 85054-4503",480-585-0909,Hospice,B
HOSPICE OF THE VALLEYS THUNDERBIRD PALLIATIVE CARE,"13614 N 59TH AVE, GLENDALE, AZ 85304-1204",602-978-1343,Hospice,B
HOSPICE OF THE WEST,"21410 N 19TH AVE, PHOENIX, AZ 85027-2738",602-343-6422,Hospice,B
"HOSPICE PROMISE, LLC","17235 N 75TH AVE STE E175, GLENDALE, AZ 85308-0870",623-209-7003,Hospice,B
HOV LUND FAMILY HOSPICE HOME (031505),"1982 E WOODSIDE CT, GILBERT, AZ 85297-7333",480-786-4482,Hospice,B
HSPC OF THE VALLEY'S FRIENDSHIP VILL PCU (031505),"2525 E SOUTHERN AVE, TEMPE, AZ 85282-7741",480-831-3281,Hospice,B
In Good Hands Hospice Inc,"4150 W PEORIA AVE STE B, PHOENIX, AZ 85029-3900",602-742-0365,Hospice,B
IN MY HOME HOSPICE CARE,"1204 E BASELINE RD, TEMPE, AZ 85283-1454",480-590-6556,Hospice,B
"INFINITY HOSPICE CARE, LLC","8434 E SHEA BLVD, SCOTTSDALE, AZ 85260-6670",602-381-0375,Hospice,B
KIND HEARTS HOSPICE INC,"10210 N 32ND ST, PHOENIX, AZ 85028-3827",602-953-4875,Hospice,B
LAVENDER HOSPICE,"20815 N 25TH PL, PHOENIX, AZ 85050-4608",602-283-3663,Hospice,B
LEVINE HOME,"3811 N 44TH ST STE B, PHOENIX, AZ 85018-5420",602-530-6900,Hospice,B
LilyCare of Arizona LLC,"14800 W MOUNTAIN VIEW BLVD, SURPRISE, AZ 85374-4795",480-757-9758,Hospice,B
"LOVING HANDS HOSPICE, INC","11811 N TATUM BLVD, PHOENIX, AZ 85028-1614",602-612-8656,Hospice,B
LUMICARE HOSPICE,"8777 E HARTFORD DR STE 130, SCOTTSDALE, AZ 85255-5692",602-795-9705,Hospice,B
MANOR HOSPICE LTD,"4150 W PEORIA AVE, PHOENIX, AZ 85029-3900",602-691-0900,Hospice,B
MARIPOSA HOSPICE LLC,"8751 N 51ST AVE STE 121H, GLENDALE, AZ 85302-4900",480-343-8045,Hospice,B
MAYFLOWER HOSPICE CARE INC,"20 E THOMAS RD STE 2200, PHOENIX, AZ 85012-3133",480-933-1034,Hospice,B
"MD HOSPICE CARE, LLC","7500 N DREAMY DRAW DR, PHOENIX, AZ 85020-4660",602-266-9971,Hospice,B
MED CARE HOSPICE INC,"2415 E CAMELBACK RD, PHOENIX, AZ 85016-4288",602-805-4882,Hospice,B
MIRAGE HOSPICE CARE INC,"11747 N 19TH AVE STE 10, PHOENIX, AZ 85029-3590",480-805-2353,Hospice,B
"MOUNTAIN VIEW HOSPICE, LLC","8263 W THUNDERBIRD RD # SU, PEORIA, AZ 85381-4615",623-230-3698,Hospice,B
NANA HOPE HOSPICE,"1620 N 48TH ST, PHOENIX, AZ 85008-7723",480-352-1667,Hospice,B
NEIGHBORHOOD HOSPICE,"2338 W ROYAL PALM RD # SUI, PHOENIX, AZ 85021-9339",602-774-0051,Hospice,B
"NEW BEGINNING HOSPICE AND PALLIATIVE CARE, LLC","18001 N 79TH AVE, GLENDALE, AZ 85308-8388",623-312-6271,Hospice,B
NOBLE HOSPICE AND PALLIATIVE CARE,"2222 S DOBSON RD STE 1004, MESA, AZ 85202-6200",480-868-2845,Hospice,B
"NUEVA HOSPICE & PALLIATIVE CARE, LLC","14362 N FRANK LLOYD WRIGHT BLVD, SCOTTSDALE, AZ 85260-8846",602-540-9690,Hospice,B
OAKMONT HOSPICE LLC,"13416 N 32ND ST STE 107A, PHOENIX, AZ 85032-6000",480-716-4517,Hospice,B
"OAKRIDGE HOSPICE, LLC","13416 N 32ND ST, PHOENIX, AZ 85032-6000",480-508-8588,Hospice,B
"OMEGALIFE HOSPICE OF ARIZONA, INC","10000 N 31ST AVE, PHOENIX, AZ 85051-9582",602-606-8898,Hospice,B
OPTIMAL HOSPICE INC,"64 E BROADWAY RD STE 2, TEMPE, AZ 85282-1353",623-887-8837,Hospice,B
OTIUM HOSPICE INC,"64 E BROADWAY RD STE 2, TEMPE, AZ 85282-1353",602-844-8245,Hospice,B
Ovation Hospice of Phoenix,"410 N SCOTTSDALE RD STE 1000, TEMPE, AZ 85288-7095",602-669-9812,Hospice,B
PASSION HOSPICE,"2550 W UNION HILLS DR, PHOENIX, AZ 85027-5163",480-485-8000,Hospice,B
"Pillars Hospice Care, LLC","10221 N 32ND ST, PHOENIX, AZ 85028-3849",602-788-1138,Hospice,B
POLARIS HOSPICE LLC,"8751 N 51ST AVE STE 1, GLENDALE, AZ 85302-4941",480-343-8045,Hospice,B
POSITIVE NATURE HOSPICE LLC,"7620 N HARTMAN LN STE 180, TUCSON, AZ 85743-7485",520-614-6326,Hospice,B
PRIMAVERA HOSPICE LLC,"8751 N 51ST AVE, GLENDALE, AZ 85302-4941",480-330-6875,Hospice,B
PRISM HOSPICE,"401 N ALMA SCHOOL RD # SU, CHANDLER, AZ 85224-4368",480-246-9242,Hospice,B
PRISTINE HOSPICE LLC,"8607 N 59TH AVE, GLENDALE, AZ 85302-5433",480-343-8045,Hospice,B
PRO CARE HOSPICE INC,"3420 E SHEA BLVD STE 200, PHOENIX, AZ 85028-3348",602-805-7770,Hospice,B
PRO LIFE HOSPICE CARE INC,"4150 W PEORIA AVE, PHOENIX, AZ 85029-3900",480-674-0595,Hospice,B
RD Hospice,"16165 N 83RD AVE STE 20, PEORIA, AZ 85382-5816",623-688-0011,Hospice,B
Remedy Hospice Care Inc,"1555 E UNIVERSITY DR, MESA, AZ 85203-8141",480-213-7845,Hospice,B
"RIVER HOSPICE, LLC","1930 S ALMA SCHOOL RD, MESA, AZ 85210-3064",623-810-1320,Hospice,B
RNHA HOSPICE CARE INC,"4150 W PEORIA AVE STE 114-B, PHOENIX, AZ 85029-3949",480-300-3130,Hospice,B
ROYAL HOSPICE CARE LLC,"14809 N 73RD ST, SCOTTSDALE, AZ 85260-3104",480-626-8242,Hospice,B
Ruby Hospice Care Inc,"4150 W PEORIA AVE, PHOENIX, AZ 85029-3900",602-887-3105,Hospice,B
SAGE HOSPICE LLC,"5111 N SCOTTSDALE RD, SCOTTSDALE, AZ 85250-7075",480-777-5117,Hospice,B
SALUS HOSPICE,"8701 E VISTA BONITA DR # SUI, SCOTTSDALE, AZ 85255-3207",949-390-7308,Hospice,B
Sapphire Hospice,"3377 S PRICE RD STE 3, CHANDLER, AZ 85248-3573",480-347-9866,Hospice,B
Savior Hospice,"4530 E SHEA BLVD, PHOENIX, AZ 85028-6065",480-320-4733,Hospice,B
SAVIOR HOSPICE,"14780 W MOUNTAIN VIEW BLVD, SURPRISE, AZ 85374-4799",605-210-1254,Hospice,B
SCOTTSDALE HOSPICE OF THE VALLEY,"16117 N 76TH ST, SCOTTSDALE, AZ 85260-1793",480-663-6500,Hospice,B
Select Home Hospice,"65 S SYCAMORE STE 2B, MESA, AZ 85202-1143",480-608-7030,Hospice,B
Serenity Hospice,"5059 S LAKEWOOD RD, FORT MOHAVE, AZ 86426-6501",928-788-0027,Hospice,B
SERENITY HOSPICE SERVICES INC,"13231 N 35TH AVE, PHOENIX, AZ 85029-1233",480-716-3044,Hospice,B
Serenity House,"1620 N 48TH ST, PHOENIX, AZ 85008-7723",480-352-1667,Hospice,B
"Shanti Hospice, Llc","501 W RAY RD STE 6, CHANDLER, AZ 85225-7284",480-788-7284,Hospice,B
SOLACE HOSPICE AND PALLIATIVE CARE,"16841 N 31ST AVE, PHOENIX, AZ 85053-3012",623-440-3068,Hospice,B
"SOLACE HOSPICE, LLC","16841 N 31ST AVE, PHOENIX, AZ 85053-3012",602-888-7037,Hospice,B
SONORA CARE HOSPICE LLC,"312 N ALMA SCHOOL RD # SUI, CHANDLER, AZ 85224-4354",480-286-4748,Hospice,B
SPERO HOSPICE LLC,"13416 N 32ND ST STE 112, PHOENIX, AZ 85032-6000",602-601-4936,Hospice,B
ST RITA HOSPICE INC,"13201 N 35TH AVE, PHOENIX, AZ 85029-1222",602-922-0266,Hospice,B
STEADFAST LOVE HOSPICE LLC,"1050 E UNIVERSITY DR # SU, MESA, AZ 85203-8046",480-805-3111,Hospice,B
STILLWATER HOSPICE,"22601 N 19TH AVE STE 230, PHOENIX, AZ 85027-1362",602-567-9953,Hospice,B
"STONERIDGE HOSPICE, LLC","20860 N TATUM BLVD, PHOENIX, AZ 85050-4274",480-306-8655,Hospice,B
SUMMIT HOSPICE,"7310 N 16TH ST, PHOENIX, AZ 85020-5258",602-535-8255,Hospice,B
"Suncrest Hospice Phoenix, LLC","4650 E COTTON CENTER BLVD, PHOENIX, AZ 85040-4800",602-633-1828,Hospice,B
SUPPORTIVE HANDS HOSPICE INC,"2930 E CAMELBACK RD STE 120, PHOENIX, AZ 85016-4412",602-806-7205,Hospice,B
SUPREME CARE HOSPICE INC,"13201 N 35TH AVE, PHOENIX, AZ 85029-1222",623-303-2891,Hospice,B
Synergy Hospice Service Inc,"2432 W PEORIA AVE STE 1343, PHOENIX, AZ 85029-4741",602-960-6030,Hospice,B
THEMA HEALTH SERVICES,"1725 E OSBORN RD STE 2, PHOENIX, AZ 85016-7123",602-889-4400,Hospice,B
TRADITIONS HEALTH,"7975 N HAYDEN RD, SCOTTSDALE, AZ 85258-3246",480-745-3015,Hospice,B
Traditions Health,"1840 E UNIVERSITY DR # SU, MESA, AZ 85203-8237",480-246-3560,Hospice,B
Trifinity Hospice Inc,"11811 N TATUM BLVD, PHOENIX, AZ 85028-1614",818-470-6457,Hospice,B
TRUE NORTH HOSPICE,"2432 W PEORIA AVE, PHOENIX, AZ 85029-4726",602-246-5096,Hospice,B
UNITED HOSPICE & PALLIATIVE CARE OF ARIZONA,"2222 W PARKSIDE LN STE 109, PHOENIX, AZ 85027-1260",602-296-4717,Hospice,B
UNIVERSAL HOSPICE CARE SERVICES,"13201 N 35TH AVE, PHOENIX, AZ 85029-1222",602-922-0446,Hospice,B
Uplift Hospice,"8777 E VIA DE VENTURA, SCOTTSDALE, AZ 85258-3343",480-350-7554,Hospice,B
"Valley Care Hospice, Inc","2577 W QUEEN CREEK RD STE 200B, CHANDLER, AZ 85248-0913",480-359-3998,Hospice,B
Valleyside Hospice Inc,"8751 N 51ST AVE STE 120, GLENDALE, AZ 85302-4925",602-600-8944,Hospice,B
VESSEL LOVING HEART HOSPICE,"12406 N 32ND ST, PHOENIX, AZ 85032-7146",602-309-4292,Hospice,B
"Victory Hospice, Llc","10210 N 32ND ST STE C202-C, PHOENIX, AZ 85028-3827",623-256-8098,Hospice,B
Vital Hospice Care Inc,"18185 N 83RD AVE STE 206, GLENDALE, AZ 85308-0519",480-631-4777,Hospice,B
Westcare Hospice & Palliative Care LLC,"2025 N 3RD ST STE 16, PHOENIX, AZ 85004-1471",480-376-0433,Hospice,B
WHITE ROSE HOSPICE,"4131 N 24TH ST STE A116, PHOENIX, AZ 85016-6262",602-354-7887,Hospice,B
"WINGS OF HOPE HOSPICE AND PALLIATIVE CARE, INC.","11022 N 28TH DR, PHOENIX, AZ 85029-5633",602-971-0304,Hospice,B
ZEPHYR HOSPICE,"14040 N CAVE CREEK RD, PHOENIX, AZ 85022-6117",480-584-4373,Hospice,B
