Business Name,Address,Phone Number,Facility Type,Priority,Previous Facility Type (v1 base),After name refinement,Hospice remapped to Other
AGILITY SPINE & SPORTS PHYSICAL THERAPY - RIVER RO,"1605 E RIVER RD STE 201, TUCSON, AZ 85718-5973",520-884-9819,Orthopedic Office,High,Rehab Hospital,Orthopedic Office,no
AGILITY SPINE & SPORTS PHYSICAL THERAPY - TANQUE V,"8987 E TANQUE VERDE RD, TUCSON, AZ 85749-9610",520-884-9819,Orthopedic Office,High,Rehab Hospital,Orthopedic Office,no
AGILITY SPINE & SPORTS PHYSICAL THERAPY- ST MARY'S,"1777 W SAINT MARYS RD, TUCSON, AZ 85745-2687",713-297-7045,Orthopedic Office,High,Rehab Hospital,Orthopedic Office,no
ARROWHEAD HOSPITAL CARDIAC REHABILITATION SERVICES,"ARROWHD MED OFC BLDG II, STE 1, GLENDALE, AZ 85308",623-561-7489,Cardiology Office,High,Hospital,Cardiology Office,no
BANNER BOSWELL MED CTR CARDIAC & PULMONARY REHAB,"10503 W THUNDERBIRD BLVD, SUN CITY, AZ 85351-3022",623-832-5390,Cardiology Office,High,Rehab Hospital,Cardiology Office,no
BANNER PAYSON MEDICAL CENTER CARDIOPULM REHAB AND,"803 S PONDEROSA ST STE A, PAYSON, AZ 85541-5521",928-596-4575,Cardiology Office,High,Hospital,Cardiology Office,no
BARROW BRIDGE NEURO-REHABILITATION,"222 W THOMAS RD STE 30, PHOENIX, AZ 85013-4419",602-406-5001,Neurology Office,High,Rehab Hospital,Neurology Office,no
BARROW CENTER FOR TRANSITIONAL NEURO-REHABILITATI,"222 W THOMAS RD STE 40, PHOENIX, AZ 85013-4419",602-406-3473,Neurology Office,High,Rehab Hospital,Neurology Office,no
BARROW MOVEMENT DISORDERS OUTPATIENT NEURO-REHABIL,"240 W THOMAS RD STE 303, PHOENIX, AZ 85013-4407",602-406-4324,Neurology Office,High,Rehab Hospital,Neurology Office,no
BARROW OUTPATIENT NEURO-REHABILITATION CENTER -,"222 W THOMAS RD STE 11, PHOENIX, AZ 85013-4419",602-406-3726,Neurology Office,High,Rehab Hospital,Neurology Office,no
BARROW OUTPATIENT NEURO-REHABILITATION CENTER-NO,"222 W THOMAS RD STE 10, PHOENIX, AZ 85013-4419",602-406-3726,Neurology Office,High,Rehab Hospital,Neurology Office,no
ENTIRECARE REHAB AND SPORTS MEDICINE - SEDONA,"35 DRY CREEK RD, SEDONA, AZ 86336-4359",928-282-6775,Orthopedic Office,High,Rehab Hospital,Orthopedic Office,no
HONORHEALTH CARDIAC REHAB CENTER,"9201 E MOUNTAIN VIEW RD, SCOTTSDALE, AZ 85258-5199",480-323-4603,Cardiology Office,High,Rehab Hospital,Cardiology Office,no
HONORHEALTH CARDIAC REHAB CENTER,"19636 N 27TH AVE, PHOENIX, AZ 85027-4013",480-323-3539,Cardiology Office,High,Rehab Hospital,Cardiology Office,no
"HONORHEALTH CARDIAC REHAB, THERAPY SERVICES AND WO","9202 N 2ND ST, PHOENIX, AZ 85020-2458",480-318-1317,Cardiology Office,High,Rehab Hospital,Cardiology Office,no
NORTHWEST MEDICAL CENTER CARDIAC REHAB,"1980 W HOSPITAL DR, TUCSON, AZ 85704-7802",520-202-2740,Cardiology Office,High,Hospital,Cardiology Office,no
PHOENIX CHILDREN'S SPORTS MED PHYSICAL THERAPY- PE,"18969 N 83RD AVE STE 4, PEORIA, AZ 85382-2844",602-933-1000,Orthopedic Office,High,Rehab Hospital,Orthopedic Office,no
YUMA REGIONAL MEDICAL CENTER BONE & JOINT TUSCANY,"2851 S AVENUE B STE 201, YUMA, AZ 85364-7730",928-726-5600,Orthopedic Office,High,Hospital,Orthopedic Office,no
YUMA REGIONAL MEDICAL CENTER CARDIOLOGY,"2460 WEST PARKVIEW LOOP, SUITE, YUMA, AZ 85364",928-336-1675,Cardiology Office,High,Hospital,Cardiology Office,no
YUMA REGIONAL MEDICAL CENTER CARDIOVASCULAR AND,"2460 S PARKVIEW LOOP STE 202, YUMA, AZ 85364-5358",928-336-2619,Cardiology Office,High,Hospital,Cardiology Office,no
YUMA REGIONAL MEDICAL CENTER FOOT AND ANKLE,"1881 W 24TH ST STE C, YUMA, AZ 85364-6298",928-314-3333,Podiatry Office,High,Hospital,Podiatry Office,no
YUMA REGIONAL MEDICAL CTR CARDIAC AND PULMONARY,"2460 S PARKVIEW LOOP, YUMA, AZ 85364-5351",928-336-1015,Cardiology Office,High,Hospital,Cardiology Office,no
1Care Hospice Arizona,"8687 E VIA DE VENTURA STE 111, SCOTTSDALE, AZ 85258-3353",480-590-2367,Other,Medium,Hospice,Hospice,yes
A AND B HOSPICE INC,"3275 W INA RD STE 115, TUCSON, AZ 85741-2152",480-696-8726,Other,Medium,Hospice,Hospice,yes
A TLC HOSPICE LLC,"3960 E RIGGS RD STE 3, CHANDLER, AZ 85249-5411",480-687-2892,Other,Medium,Hospice,Hospice,yes
Ability Hospice,"4710 E FALCON DR STE 201, MESA, AZ 85215-2504",480-447-9049,Other,Medium,Hospice,Hospice,yes
ACACIA HOSPICE CARE OF LAKE HAVASU INC,"1930 MESQUITE AVE STE 9, LAKE HAVASU CITY, AZ 86403-5772",928-770-5580,Other,Medium,Hospice,Hospice,yes
"Acacia Hospice Care, Inc","107 E 24TH ST, YUMA, AZ 85364-8544",623-329-2676,Other,Medium,Hospice,Hospice,yes
"ACCENTURE HOSPICE, LLC","1842 W GRANT RD STE 10, TUCSON, AZ 85745-1219",520-668-4978,Other,Medium,Hospice,Hospice,yes
"ACCORD HOSPICE OF SEDONA VALLEY, LLC","2155 W STATE ROUTE 89A # SUI, SEDONA, AZ 86336-5468",928-278-4134,Other,Medium,Hospice,Hospice,yes
"Accord Hospice Of The White Mountains, LLC","5300 S SUTTER DR, SHOW LOW, AZ 85901-8054",928-271-8013,Other,Medium,Hospice,Hospice,yes
ADVENT HOSPICE LLC,"4025 E CHANDLER BLVD, PHOENIX, AZ 85048-8829",602-824-8730,Other,Medium,Hospice,Hospice,yes
"ADVISACARE HOSPICE, LLC","1757 E BASELINE RD, GILBERT, AZ 85233-1532",480-284-4600,Other,Medium,Hospice,Hospice,yes
ADVOCATE HOSPICE,"7600 N 16TH ST, PHOENIX, AZ 85020-4431",602-830-0605,Other,Medium,Hospice,Hospice,yes
"AEGIS HOSPICE, INC (031613)","4950 S LINDSAY RD, CHANDLER, AZ 85249-9203",480-219-4790,Other,Medium,Hospice,Hospice,yes
"Aegis Hospice, Inc.","7227 E BASELINE RD STE 129, MESA, AZ 85209-5006",480-219-4790,Other,Medium,Hospice,Hospice,yes
Affinity Hospice Care Inc,"4400 E BROADWAY BLVD, TUCSON, AZ 85711-3517",520-230-1220,Other,Medium,Hospice,Hospice,yes
AGAPE HOSPICE & PALLIATIVE CARE,"4400 E BROADWAY BLVD, TUCSON, AZ 85711-3517",520-207-5817,Other,Medium,Hospice,Hospice,yes
AGAPE HOSPICE PINAL COUNTY,"520 N CAMINO MERCADO STE 11, CASA GRANDE, AZ 85122-5754",480-750-1440,Other,Medium,Hospice,Hospice,yes
Agave HOSPICE,"3240 E UNION HILLS DR # SU, PHOENIX, AZ 85050-2609",602-855-3500,Other,Medium,Hospice,Hospice,yes
ALAGA HOSPICE LLC,"3250 GATEWAY BLVD STE 112, PRESCOTT, AZ 86303-6856",708-248-0352,Other,Medium,Hospice,Hospice,yes
ALBRIGHT HOSPICE INC,"7150 E CAMELBACK RD STE 4, SCOTTSDALE, AZ 85251-1200",480-550-9382,Other,Medium,Hospice,Hospice,yes
ALECA HOSPICE,"8502 E PRINCESS DR, SCOTTSDALE, AZ 85255-7802",480-748-4300,Other,Medium,Hospice,Hospice,yes
ALL CARE HOSPICE INC,"8712 E VISTA BONITA DR, SCOTTSDALE, AZ 85255-4299",480-582-4110,Other,Medium,Hospice,Hospice,yes
ALL HEART HOSPICE LLC,"105 N PASADENA ST # SUI, GILBERT, AZ 85233-5013",480-246-3593,Other,Medium,Hospice,Hospice,yes
ALL TIME HOSPICE CARE INC,"13231 N 35TH AVE STE A11-C, PHOENIX, AZ 85029-1233",747-877-9357,Other,Medium,Hospice,Hospice,yes
ALLEGIANCE HOSPICE,"5060 N 19TH AVE STE 406, PHOENIX, AZ 85015-3214",602-684-2962,Other,Medium,Hospice,Hospice,yes
ALWAYS PRESENT HOSPICE,"1400 N GILBERT RD, GILBERT, AZ 85234-2328",480-907-9737,Other,Medium,Hospice,Hospice,yes
Amedisys Hospice,"1585 E RIVER RD STE 20, TUCSON, AZ 85718-5978",520-205-7700,Other,Medium,Hospice,Hospice,yes
AMERICAN CARE CONCEPTS HOSPICE LLC,"105 N PASADENA ST # SUI, GILBERT, AZ 85233-5013",602-902-1982,Other,Medium,Hospice,Hospice,yes
"AMERICAN PREMIER HOSPICE, LLC","11070 N 24TH AVE STE 200, PHOENIX, AZ 85029-4705",602-795-9480,Other,Medium,Hospice,Hospice,yes
AMERICARE HOSPICE AND PALLIATIVE CARE,"1212 N SPENCER # SUI, MESA, AZ 85203-4347",480-726-7773,Other,Medium,Hospice,Hospice,yes
"Amha Hospice, LLC","2577 W QUEEN CREEK RD STE 200A, CHANDLER, AZ 85248-0913",480-359-3998,Other,Medium,Hospice,Hospice,yes
Angels Care Hospice,"1000 WILLOW CREEK RD, PRESCOTT, AZ 86301-1645",928-379-2887,Other,Medium,Hospice,Hospice,yes
ANGELS HEART HOSPICE INC,"722 E OSBORN RD STE 30, PHOENIX, AZ 85014-5245",480-741-4604,Other,Medium,Hospice,Hospice,yes
Angels Touch Hospice Care Inc,"1940 E THUNDERBIRD RD STE 101, PHOENIX, AZ 85022-5760",602-327-4386,Other,Medium,Hospice,Hospice,yes
Anthem Hospice Care,"105 N PASADENA ST # SUI, GILBERT, AZ 85233-5013",480-588-5777,Other,Medium,Hospice,Hospice,yes
APOLLO HOSPICE INC,"14631 N CAVE CREEK RD, PHOENIX, AZ 85022-4159",818-851-6060,Other,Medium,Hospice,Hospice,yes
Aquarius Hospice,"11225 N 28TH DR STE A204, PHOENIX, AZ 85029-5631",602-466-3686,Other,Medium,Hospice,Hospice,yes
ARA HOSPICE CARE INC,"4150 E PEORIA, STE 114-A, PHOENIX, AZ 85029",480-300-3130,Other,Medium,Hospice,Hospice,yes
"Arch Hospice, Llc","10210 N 32ND ST STE C202, PHOENIX, AZ 85028-3827",480-229-8298,Other,Medium,Hospice,Hospice,yes
ARDENT HOSPICE LLC,"1256 W CHANDLER BLVD, CHANDLER, AZ 85224-5207",480-851-0380,Other,Medium,Hospice,Hospice,yes
Aria Hospice Comfort Care,"7225 N MONA LISA RD # SUI, TUCSON, AZ 85741-4529",520-547-7000,Other,Medium,Hospice,Hospice,yes
ARISTA HOSPICE,"1636 N SWAN RD STE 250, TUCSON, AZ 85712-4000",520-333-0333,Other,Medium,Hospice,Hospice,yes
"Arizona American Hospice, Llc","3101 N CENTRAL AVE STE 770, PHOENIX, AZ 85012-2665",480-500-8544,Other,Medium,Hospice,Hospice,yes
"Arizona Best Hospice, LLC","250 W 24TH ST STE P, YUMA, AZ 85364-8506",928-783-0705,Other,Medium,Hospice,Hospice,yes
Arizona Care Hospice,"1100 N BEELINE HWY, PAYSON, AZ 85541-3766",928-474-3721,Other,Medium,Hospice,Hospice,yes
ARIZONA CARE HOSPICE,"12035 N SAGUARO BLVD, FOUNTAIN HILLS, AZ 85268-4682",480-588-8200,Other,Medium,Hospice,Hospice,yes
ARIZONA HOSPICE CARE INC,"13201 N 35TH AVE STE B9Z, PHOENIX, AZ 85029-1222",623-323-5199,Other,Medium,Hospice,Hospice,yes
Arizona Life Hospice,"4824 E BASELINE RD, MESA, AZ 85206-4676",480-888-5609,Other,Medium,Hospice,Hospice,yes
Arizona Life Hospice - Mohave,"5225 S HIGHWAY 95 STE 7, FORT MOHAVE, AZ 86426-9111",480-888-5609,Other,Medium,Hospice,Hospice,yes
Arizona Life Hospice – Yavapai,"3177 CLEARWATER DR STE B, PRESCOTT, AZ 86305-7272",480-888-5609,Other,Medium,Hospice,Hospice,yes
ARIZONA PROFESSIONAL HOSPICE CARE,"11225 N 28TH DR, PHOENIX, AZ 85029-5606",602-334-5778,Other,Medium,Hospice,Hospice,yes
ASCENSION HOSPICE LLC,"6263 N SCOTTSDALE RD STE 1, SCOTTSDALE, AZ 85250-5406",602-325-6630,Other,Medium,Hospice,Hospice,yes
ASPEN HOSPICE,"17505 N 79TH AVE, GLENDALE, AZ 85308-8725",602-609-6777,Other,Medium,Hospice,Hospice,yes
ASSISTED HOSPICE CARE,"1420 E MISSOURI AVE # SUI, PHOENIX, AZ 85014-2405",480-860-2345,Other,Medium,Hospice,Hospice,yes
"Assisteo Hospice, LLC","2929 N 44TH ST, PHOENIX, AZ 85018-7238",602-455-1823,Other,Medium,Hospice,Hospice,yes
"Assisteo North Hospice, LLC","919 12TH PL STE 6, PRESCOTT, AZ 86305-1433",928-277-1345,Other,Medium,Hospice,Hospice,yes
Astra Hospice Care,"3420 E SHEA BLVD, PHOENIX, AZ 85028-3345",480-645-9660,Other,Medium,Hospice,Hospice,yes
AURORA HOSPICE LLC,"1930 S ALMA SCHOOL RD, MESA, AZ 85210-3064",480-564-1058,Other,Medium,Hospice,Hospice,yes
AVESTA HOSPICE INC,"312 N ALMA SCHOOL RD # SU, CHANDLER, AZ 85224-4354",602-820-8168,Other,Medium,Hospice,Hospice,yes
AVIANT HOSPICE GILA,"136 S BROAD ST, GLOBE, AZ 85501-2602",928-425-5400,Other,Medium,Hospice,Hospice,yes
AVIANT HOSPICE MARICOPA,"2430 W RAY RD STE 3A, CHANDLER, AZ 85224-3552",480-398-3018,Other,Medium,Hospice,Hospice,yes
AVIANT HOSPICE PHOENIX,"1400 N GILBERT RD, GILBERT, AZ 85234-2328",480-398-2411,Other,Medium,Hospice,Hospice,yes
AVIANT HOSPICE YAVAPAI,"1756 E VILLA DR STE C, COTTONWOOD, AZ 86326-4705",928-634-1073,Other,Medium,Hospice,Hospice,yes
AZ HOSPICE CARE INC,"1825 E NORTHERN AVE # SUI, PHOENIX, AZ 85020-3940",480-645-9640,Other,Medium,Hospice,Hospice,yes
AZ SUNSET HOSPICE,"4045 E UNION HILLS DR, PHOENIX, AZ 85050-3386",480-544-9334,Other,Medium,Hospice,Hospice,yes
AZORNA HOSPICE AND PALLIATIVE CARE,"2919 S ELLSWORTH RD # SUI, MESA, AZ 85212-2164",480-637-4100,Other,Medium,Hospice,Hospice,yes
AZORNA HOSPICE AND PALLIATIVE CARE OF TUCSON,"1 S CHURCH AVE STE 1, TUCSON, AZ 85701-1612",818-960-9634,Other,Medium,Hospice,Hospice,yes
Bayada Hospice,"7070 N ORACLE RD STE 110, TUCSON, AZ 85704-4338",520-369-4560,Other,Medium,Hospice,Hospice,yes
BEACON OF HOPE HOSPICE,"1760 MCCULLOCH BLVD N, LAKE HAVASU CITY, AZ 86403-6976",928-854-4200,Other,Medium,Hospice,Hospice,yes
Beacon Of Hope Hospice,"3550 NORTH LN, BULLHEAD CITY, AZ 86442-9114",928-854-4200,Other,Medium,Hospice,Hospice,yes
BELIEF HOSPICE,"1930 S ALMA SCHOOL RD # SUI, MESA, AZ 85210-3064",480-845-8088,Other,Medium,Hospice,Hospice,yes
Best Support Hospice Inc,"4150 W PEORIA AVE STE B130-D, PHOENIX, AZ 85029-3945",602-960-6027,Other,Medium,Hospice,Hospice,yes
BILLET HOSPICE INC- BULLHEAD CITY,"1954 HIGHWAY 95 STE 2B, BULLHEAD CITY, AZ 86442-6751",844-824-3577,Other,Medium,Hospice,Hospice,yes
BILLET HOSPICE INC- PEORIA,"6718 W GREENWAY RD, PEORIA, AZ 85381-4583",833-224-5538,Other,Medium,Hospice,Hospice,yes
"Billet Hospice, Inc - Phoenix","5540 W GLENDALE AVE STE C, GLENDALE, AZ 85301-2550",833-224-5538,Other,Medium,Hospice,Hospice,yes
BLISS HOSPICE LLC,"2550 W UNION HILLS DR # 3, PHOENIX, AZ 85027-5163",602-492-1643,Other,Medium,Hospice,Hospice,yes
BLUE HAVEN HOSPICE CARE INC,"4150 W PEORIA AVE STE B114, PHOENIX, AZ 85029-3945",480-885-5119,Other,Medium,Hospice,Hospice,yes
BLUE SKY HOSPICE CARE INC,"4150 W PEORIA AVE STE B114C, PHOENIX, AZ 85029-3945",480-885-5283,Other,Medium,Hospice,Hospice,yes
"Blue Sky Hospice, Inc","8035 E BROWN RD STE 20, MESA, AZ 85207-3901",480-389-2484,Other,Medium,Hospice,Hospice,yes
Bright Life Care Hospice Llc,"10000 N 31ST AVE STE C216, PHOENIX, AZ 85051-9628",602-607-5017,Other,Medium,Hospice,Hospice,yes
BRISTOL HOSPICE - TUCSON,"5210 E WILLIAMS CIR STE 530, TUCSON, AZ 85711-4459",520-300-9337,Other,Medium,Hospice,Hospice,yes
Canyon Hospice,"2031 HIGHWAY 95, BULLHEAD CITY, AZ 86442-6004",928-605-4009,Other,Medium,Hospice,Hospice,yes
"Care Plus Hospice Care, Llc","10290 N 92ND ST, SCOTTSDALE, AZ 85258-4522",623-476-9198,Other,Medium,Hospice,Hospice,yes
CARELIFE HOSPICE LLC,"16042 N 32ND ST STE C4-C, PHOENIX, AZ 85032-0027",480-234-3568,Other,Medium,Hospice,Hospice,yes
"Caring Hands Palliative And Hospice Care, Inc","10000 N 31ST AVE STE D119, PHOENIX, AZ 85051-9582",602-742-0370,Other,Medium,Hospice,Hospice,yes
CASA DE LA LUZ HOSPICE,"7740 N ORACLE RD, TUCSON, AZ 85704-6313",337-233-1307,Other,Medium,Hospice,Hospice,yes
CASA DE LA PAZ HOSPICE,"49 N CORONADO DR, SIERRA VISTA, AZ 85635-6346",337-233-1307,Other,Medium,Hospice,Hospice,yes
CASA HOSPICE AT THE HACIENDA,"2720 E RIVER RD, TUCSON, AZ 85718-6636",520-544-9890,Other,Medium,Hospice,Hospice,yes
CATALINA HOSPICE PLLC,"3980 N CAMPBELL AVE, TUCSON, AZ 85719-1460",520-999-5903,Other,Medium,Hospice,Hospice,yes
"CHARLES WM. LEIGHTON, JR. HOSPICE, INC.","524 W MALEY PL, WILLCOX, AZ 85643-2042",520-384-5878,Other,Medium,Hospice,Hospice,yes
Choice Hospice,"2111 E HIGHLAND AVE # SUI, PHOENIX, AZ 85016-4741",602-795-9705,Other,Medium,Hospice,Hospice,yes
COMFORTING HOSPICE CENTER INC,"4150 W PEORIA AVE, PHOENIX, AZ 85029-3900",480-674-0540,Other,Medium,Hospice,Hospice,yes
Copper State Hospice Inc,"1 S CHURCH AVE, TUCSON, AZ 85701-1612",520-612-2181,Other,Medium,Hospice,Hospice,yes
CORNERSTONE HOSPICE INC,"4600 E WASHINGTON ST, PHOENIX, AZ 85034-1903",480-666-3964,Other,Medium,Hospice,Hospice,yes
Creek View Hospice LLC,"4657 E COTTON GIN LOOP, PHOENIX, AZ 85040-8830",602-603-5165,Other,Medium,Hospice,Hospice,yes
"D'AMORE HOSPICE, LLC","10000 N 31ST AVE, PHOENIX, AZ 85051-9582",602-612-4111,Other,Medium,Hospice,Hospice,yes
"DEPENDABLE HOSPICE AND PALLIATIVE CARE, LLC","1141 N EL DORADO PL # SU, TUCSON, AZ 85715-4623",520-901-5200,Other,Medium,Hospice,Hospice,yes
Desert Harmony Hospice of Tucson,"310 S WILLIAMS BLVD STE 210, TUCSON, AZ 85711-4483",520-284-9334,Other,Medium,Hospice,Hospice,yes
"DESERT SKY HOSPICE, LLC","2737 E GREENWAY RD, PHOENIX, AZ 85032-4391",602-899-9068,Other,Medium,Hospice,Hospice,yes
Desert Valley Hospice Llc,"20045 N 19TH AVE, PHOENIX, AZ 85027-4252",602-999-0960,Other,Medium,Hospice,Hospice,yes
Devoted Hospice Care Inc,"4150 W PEORIA AVE STE B, PHOENIX, AZ 85029-3900",602-742-0335,Other,Medium,Hospice,Hospice,yes
DIGNITY HOSPICE,"1 W DEER VALLEY RD STE 1, PHOENIX, AZ 85027-2128",602-402-6619,Other,Medium,Hospice,Hospice,yes
"Divine Hospice and Palliative Care, LLC","18185 N 83RD AVE STE 203, GLENDALE, AZ 85308-0523",623-566-7995,Other,Medium,Hospice,Hospice,yes
Doctors Choice Hospice LLC,"60 E RIO SALADO PKWY # SU, TEMPE, AZ 85281-9124",480-240-0278,Other,Medium,Hospice,Hospice,yes
E&E HOSPICE CARE INC,"4150 W PEORIA AVE, PHOENIX, AZ 85029-3900",602-922-4373,Other,Medium,Hospice,Hospice,yes
Eden Hospice,"1491 W THATCHER BLVD, SAFFORD, AZ 85546-3362",928-432-6255,Other,Medium,Hospice,Hospice,yes
EDEN HOSPICE,"4066 E MONSANTO DR, SIERRA VISTA, AZ 85650-8512",360-892-6628,Other,Medium,Hospice,Hospice,yes
EDEN HOSPICE CARE INC,"1129 W IRON SPRINGS RD STE 109, PRESCOTT, AZ 86305-1623",928-482-2490,Other,Medium,Hospice,Hospice,yes
ELEVATE HOSPICE AND PALLIATIVE CARE LLC,"7010 E ACOMA DR STE 1, SCOTTSDALE, AZ 85254-3553",480-800-4816,Other,Medium,Hospice,Hospice,yes
EMBLEM HOSPICE,"1400 E SOUTHERN AVE, TEMPE, AZ 85282-5691",480-444-7800,Other,Medium,Hospice,Hospice,yes
Emblem Hospice Central,"301 E BETHANY HOME RD # SU, PHOENIX, AZ 85012-1263",623-847-2323,Other,Medium,Hospice,Hospice,yes
Emblem Hospice Green Valley,"210 W CONTINENTAL RD STE 176, GREEN VALLEY, AZ 85622-3329",520-615-3996,Other,Medium,Hospice,Hospice,yes
Emblem Hospice Tucson,"1880 E RIVER RD, TUCSON, AZ 85718-5994",520-297-1460,Other,Medium,Hospice,Hospice,yes
EMBLEM HOSPICE WEST,"301 E BETHANY HOME RD, PHOENIX, AZ 85012-1263",623-322-8686,Other,Medium,Hospice,Hospice,yes
"EMPEROR HOSPICE OF ARIZONA, INC","1839 S ALMA SCHOOL RD, MESA, AZ 85210-3023",602-609-2555,Other,Medium,Hospice,Hospice,yes
"Empress Care Hospice, Inc","1839 S ALMA SCHOOL RD STE 170, MESA, AZ 85210-3025",602-809-2911,Other,Medium,Hospice,Hospice,yes
ENCORE HOSPICE LLC,"4122 W INNOVATIVE DR STE 10, PHOENIX, AZ 85086-3846",623-248-6636,Other,Medium,Hospice,Hospice,yes
Endeavor Hospice,"4858 E BASELINE RD STE 104, MESA, AZ 85206-4638",480-674-8228,Other,Medium,Hospice,Hospice,yes
Enhabit Hospice,"1635 N GREENFIELD RD # SU, MESA, AZ 85205-4005",480-407-4597,Other,Medium,Hospice,Hospice,yes
ENHABIT HOSPICE,"5701 W TALAVI BLVD, GLENDALE, AZ 85306-1886",623-335-6601,Other,Medium,Hospice,Hospice,yes
Eternity Hospice & Palliative Care,"4140 N 108TH AVE, PHOENIX, AZ 85037-5466",602-374-6878,Other,Medium,Hospice,Hospice,yes
Everest Hospice,"14970 W INDIAN SCHOOL RD # SU, GOODYEAR, AZ 85395-7818",623-282-9255,Other,Medium,Hospice,Hospice,yes
EVERGREEN HOSPICE LLC,"1930 S ALMA SCHOOL RD, MESA, AZ 85210-3064",480-845-8182,Other,Medium,Hospice,Hospice,yes
Expert Hospice Care Inc,"11811 N TATUM BLVD STE 3031, PHOENIX, AZ 85028-1621",602-805-9400,Other,Medium,Hospice,Hospice,yes
FAITH HOSPICE,"426 N 44TH ST STE 4, PHOENIX, AZ 85008-6508",602-476-2047,Other,Medium,Hospice,Hospice,yes
FAMILY CARE HOSPICE,"2580 HIGHWAY 95 STE 201, BULLHEAD CITY, AZ 86442-7329",928-299-5100,Other,Medium,Hospice,Hospice,yes
FAMILY CARE HOSPICE,"1695 MESQUITE AVE STE 108, LAKE HAVASU CITY, AZ 86403-5684",928-299-5100,Other,Medium,Hospice,Hospice,yes
FAMILY CARE HOSPICE INC,"3420 E SHEA BLVD, PHOENIX, AZ 85028-3345",602-805-7940,Other,Medium,Hospice,Hospice,yes
FAMILY COMFORT HOSPICE CARE INC,"4150 W PEORIA AVE, PHOENIX, AZ 85029-3900",480-674-6551,Other,Medium,Hospice,Hospice,yes
"Family First Hospice, Inc","11225 N 28TH DR STE B111, PHOENIX, AZ 85029-5605",480-482-1833,Other,Medium,Hospice,Hospice,yes
FIRST COMFORT HOSPICE INC,"13416 N 32ND ST, PHOENIX, AZ 85032-6000",747-666-1891,Other,Medium,Hospice,Hospice,yes
Four Star Hospice Care,"2222 S DOBSON RD, MESA, AZ 85202-6481",480-597-5576,Other,Medium,Hospice,Hospice,yes
G AND S HOSPICE INC,"1 S CHURCH AVE STE 1, TUCSON, AZ 85701-1612",520-416-6637,Other,Medium,Hospice,Hospice,yes
Garnet Hospice Care Inc,"13416 N 32ND ST, PHOENIX, AZ 85032-6000",602-887-3040,Other,Medium,Hospice,Hospice,yes
GENTLE TOUCH PALLIATIVE & HOSPICE CARE INC,"4150 W PEORIA AVE STE B1, PHOENIX, AZ 85029-3900",602-922-0236,Other,Medium,Hospice,Hospice,yes
Global Hospice Arizona,"9915 E BELL RD STE 114, SCOTTSDALE, AZ 85260-2395",480-716-1119,Other,Medium,Hospice,Hospice,yes
"Golden Care Hospice, LLC","2320 W PEORIA AVE STE C122C, PHOENIX, AZ 85029-4742",480-229-8298,Other,Medium,Hospice,Hospice,yes
Golden Horizon Hospice Inc,"15333 N PIMA RD STE 305, SCOTTSDALE, AZ 85260-2717",602-235-0762,Other,Medium,Hospice,Hospice,yes
GOLDEN HOSPICE CARE INC,"4150 W PEORIA AVE, PHOENIX, AZ 85029-3900",747-307-5566,Other,Medium,Hospice,Hospice,yes
GOLDEN ROSE HOSPICE CARE INC,"4150 W PEORIA AVE STE B114, PHOENIX, AZ 85029-3945",480-885-5116,Other,Medium,Hospice,Hospice,yes
Golden Year Hospice Care Inc,"2550 W UNION HILLS DR, PHOENIX, AZ 85027-5163",602-834-0167,Other,Medium,Hospice,Hospice,yes
GOOD SAMARITAN HOSPICE,"10000 N 31ST AVE, PHOENIX, AZ 85051-9582",602-612-2251,Other,Medium,Hospice,Hospice,yes
GOOD SAMARITAN SOCIETY PRESCOTT HOSPICE,"1065 RUTH ST STE 108-10, PRESCOTT, AZ 86301-1729",928-778-5655,Other,Medium,Hospice,Hospice,yes
GOOD SAMARITAN SOCIETY-PRESCOTT HOSPICE (031584),"1063 RUTH ST, PRESCOTT, AZ 86301-1729",928-778-5655,Other,Medium,Hospice,Hospice,yes
Good Shepherd Hospice Care Inc,"4150 W PEORIA AVE, PHOENIX, AZ 85029-3900",480-712-0700,Other,Medium,Hospice,Hospice,yes
Grace Hospice And Palliative Care Llc,"2675 N WYATT DR, TUCSON, AZ 85712-6107",520-496-4164,Other,Medium,Hospice,Hospice,yes
HANDS OF HOPE HOSPICE LLC,"2266 S DOBSON RD STE 200-252, MESA, AZ 85202-6412",480-805-8338,Other,Medium,Hospice,Hospice,yes
HAVEN HOSPICE,"1280 S 20TH AVE STE B, SAFFORD, AZ 85546-3378",888-891-0786,Other,Medium,Hospice,Hospice,yes
Haven Hospice,"5656 E GRANT RD STE 17, TUCSON, AZ 85712-2210",520-363-2585,Other,Medium,Hospice,Hospice,yes
Haven Hospice,"15551 N GREENWAY HAYDEN LOOP, SCOTTSDALE, AZ 85260-1210",888-752-8055,Other,Medium,Hospice,Hospice,yes
HAVEN HOSPICE,"5658 HIGHWAY 260 STE 21A, LAKESIDE, AZ 85929-5189",888-891-0786,Other,Medium,Hospice,Hospice,yes
Heart of Healing Hospice,"1729 N TREKELL RD, CASA GRANDE, AZ 85122-2215",520-278-5003,Other,Medium,Hospice,Hospice,yes
Heartland Hospice (Tucson),"3112 N SWAN RD, TUCSON, AZ 85712-1227",520-325-2790,Other,Medium,Hospice,Hospice,yes
HEARTS OF HOSPICE LLC,"11225 N 28TH DR STE A, PHOENIX, AZ 85029-5606",480-572-0132,Other,Medium,Hospice,Hospice,yes
HIDDEN HILLS HOSPICE,"1825 E NORTHERN AVE STE 161, PHOENIX, AZ 85020-3812",602-675-0277,Other,Medium,Hospice,Hospice,yes
Holy Cross Hospice,"1103 S MESA DR, MESA, AZ 85210-8722",480-718-5678,Other,Medium,Hospice,Hospice,yes
Horizon Hospice,"2720 E THOMAS RD STE B, PHOENIX, AZ 85016-8299",480-894-5113,Other,Medium,Hospice,Hospice,yes
Hospice At Heart To Heart Inc,"13231 N 35TH AVE STE 10A, PHOENIX, AZ 85029-1233",480-808-8885,Other,Medium,Hospice,Hospice,yes
"HOSPICE AT HOME OF ARIZONA, LLC","2500 S POWER RD, MESA, AZ 85209-6686",480-478-0643,Other,Medium,Hospice,Hospice,yes
HOSPICE COMPASSUS - BULLHEAD CITY,"2755 SILVER CREEK RD, BULLHEAD CITY, AZ 86442-7904",928-763-6433,Other,Medium,Hospice,Hospice,yes
HOSPICE COMPASSUS - BULLHEAD CITY,"1940 MESQUITE AVE STE I, LAKE HAVASU CITY, AZ 86403-6123",928-302-2251,Other,Medium,Hospice,Hospice,yes
HOSPICE COMPASSUS - SEDONA/ FLAGSTAFF,"7000 STATE ROUTE 179 STE D1, SEDONA, AZ 86351-9270",928-284-0180,Other,Medium,Hospice,Hospice,yes
HOSPICE COMPASSUS - SEDONA/ FLAGSTAFF,"1030 N SAN FRANCISCO ST, FLAGSTAFF, AZ 86001-3252",928-556-1500,Other,Medium,Hospice,Hospice,yes
HOSPICE COMPASSUS - SEDONA/ FLAGSTAFF/ PRESCOTT,"3033 N WINDSONG DR STE 205, PRESCOTT VALLEY, AZ 86314-2297",928-775-0103,Other,Medium,Hospice,Hospice,yes
HOSPICE COMPASSUS - WHITE MOUNTAIN,"1789 COMMERCE DR, LAKESIDE, AZ 85929-5354",928-368-4400,Other,Medium,Hospice,Hospice,yes
HOSPICE COMPASSUS - YUMA,"2320 S 22ND DR OFC, YUMA, AZ 85364-8867",928-344-6100,Other,Medium,Hospice,Hospice,yes
Hospice Compassus-Casa Grande,"1675 E MONUMENT PLAZA CIR, CASA GRANDE, AZ 85122-5600",520-421-7143,Other,Medium,Hospice,Hospice,yes
HOSPICE COMPASSUS-PAYSON,"511 S MUD SPRINGS RD, PAYSON, AZ 85541-5747",928-472-6340,Other,Medium,Hospice,Hospice,yes
HOSPICE COMPASSUS-PAYSON (031523),"511 S MUD SPRINGS RD # SUI, PAYSON, AZ 85541-5747",928-472-6340,Other,Medium,Hospice,Hospice,yes
HOSPICE FAMILY CARE,"275 W CONTINENTAL RD # SUI, GREEN VALLEY, AZ 85622-3624",520-499-3072,Other,Medium,Hospice,Hospice,yes
"HOSPICE FAMILY CARE, INC - MARANA","8245 N SILVERBELL RD # SU, TUCSON, AZ 85743-7381",520-579-9936,Other,Medium,Hospice,Hospice,yes
Hospice In The Desert LLC,"639 E SPEEDWAY BLVD, TUCSON, AZ 85705-7433",520-248-8129,Other,Medium,Hospice,Hospice,yes
"HOSPICE OF AMERICA, LLC","1837 S MESA DR STE C, MESA, AZ 85210-6246",480-219-8259,Other,Medium,Hospice,Hospice,yes
"HOSPICE OF HAVASU, INC.","232 LONDON BRIDGE RD, LAKE HAVASU CITY, AZ 86403-4647",928-453-2111,Other,Medium,Hospice,Hospice,yes
"HOSPICE OF HOPE, LLC","17505 N 79TH AVE, GLENDALE, AZ 85308-8725",623-399-6910,Other,Medium,Hospice,Hospice,yes
"Hospice Of Payson, LLC","900 N BEELINE HWY # SUI, PAYSON, AZ 85541-3769",928-474-2415,Other,Medium,Hospice,Hospice,yes
Hospice Of Phoenix Inc,"16165 N 83RD AVE, PEORIA, AZ 85382-5816",602-675-9090,Other,Medium,Hospice,Hospice,yes
Hospice Of Stars Inc,"10000 N 31ST AVE STE C202, PHOENIX, AZ 85051-9620",602-732-7355,Other,Medium,Hospice,Hospice,yes
HOSPICE OF THE VALLEY - CENTRAL,"1510 E FLOWER ST, PHOENIX, AZ 85014-5656",602-287-7000,Other,Medium,Hospice,Hospice,yes
Hospice of the Valley - West (031515),"9435 W PEORIA AVE, PEORIA, AZ 85345-6479",623-583-4848,Other,Medium,Hospice,Hospice,yes
HOSPICE OF THE VALLEY DOBSON HOME (031505),"1188 N DOBSON RD, CHANDLER, AZ 85224-4004",480-786-1900,Other,Medium,Hospice,Hospice,yes
Hospice of the Valley East,"2020 E WOODSIDE CT, GILBERT, AZ 85297-7339",480-730-5980,Other,Medium,Hospice,Hospice,yes
HOSPICE OF THE VALLEY RYAN HOUSE (031500),"110 W MUHAMMAD ALI WAY, PHOENIX, AZ 85013-4500",602-234-6750,Other,Medium,Hospice,Hospice,yes
HOSPICE OF THE VALLEY SURPRISE PCU (031515),"14066 W WADDELL RD, SURPRISE, AZ 85379-8736",623-975-9292,Other,Medium,Hospice,Hospice,yes
HOSPICE OF THE VALLEY'S SHERMAN HSPC HOME (031517),"5801 E MAYO BLVD, PHOENIX, AZ 85054-4503",480-585-0909,Other,Medium,Hospice,Hospice,yes
HOSPICE OF THE VALLEYS THUNDERBIRD PALLIATIVE CARE,"13614 N 59TH AVE, GLENDALE, AZ 85304-1204",602-978-1343,Other,Medium,Hospice,Hospice,yes
HOSPICE OF THE WEST,"21410 N 19TH AVE, PHOENIX, AZ 85027-2738",602-343-6422,Other,Medium,Hospice,Hospice,yes
HOSPICE OF THE WEST (031592),"3001 N MAIN ST STE 2, PRESCOTT VALLEY, AZ 86314-2293",928-968-5240,Other,Medium,Hospice,Hospice,yes
"HOSPICE OF THE WEST, LLC (031592)","5255 E WILLIAMS CIR # SUI, TUCSON, AZ 85711-7401",434-977-9711,Other,Medium,Hospice,Hospice,yes
"HOSPICE OF THE WEST, LLC (031592)","520 N CAMINO MERCADO STE 9, CASA GRANDE, AZ 85122-5754",434-977-9711,Other,Medium,Hospice,Hospice,yes
Hospice Of Tucson Inc,"4400 E BROADWAY BLVD, TUCSON, AZ 85711-3517",520-372-4365,Other,Medium,Hospice,Hospice,yes
HOSPICE OF YUMA,"1824 S 8TH AVE, YUMA, AZ 85364-5517",928-343-2222,Other,Medium,Hospice,Hospice,yes
"HOSPICE PROMISE, LLC","17235 N 75TH AVE STE E175, GLENDALE, AZ 85308-0870",623-209-7003,Other,Medium,Hospice,Hospice,yes
HOV LUND FAMILY HOSPICE HOME (031505),"1982 E WOODSIDE CT, GILBERT, AZ 85297-7333",480-786-4482,Other,Medium,Hospice,Hospice,yes
In Good Hands Hospice Inc,"4150 W PEORIA AVE STE B, PHOENIX, AZ 85029-3900",602-742-0365,Other,Medium,Hospice,Hospice,yes
IN MY HOME HOSPICE CARE,"1204 E BASELINE RD, TEMPE, AZ 85283-1454",480-590-6556,Other,Medium,Hospice,Hospice,yes
"INFINITY HOSPICE CARE, LLC","8434 E SHEA BLVD, SCOTTSDALE, AZ 85260-6670",602-381-0375,Other,Medium,Hospice,Hospice,yes
"INTEGRITY HOSPICE CARE, LLC","6877 S KINGS RANCH RD, GOLD CANYON, AZ 85118-6809",480-426-0255,Other,Medium,Hospice,Hospice,yes
JOAN AND DIANA HOSPICE HOME,"812 AIRWAY AVE, KINGMAN, AZ 86409-3588",928-757-0602,Other,Medium,Hospice,Hospice,yes
KIND HEARTS HOSPICE INC,"10210 N 32ND ST, PHOENIX, AZ 85028-3827",602-953-4875,Other,Medium,Hospice,Hospice,yes
LAVENDER HOSPICE,"20815 N 25TH PL, PHOENIX, AZ 85050-4608",602-283-3663,Other,Medium,Hospice,Hospice,yes
Legacy Hospice,"13207 E STATE ROUTE 169 STE B, DEWEY, AZ 86327-0018",928-460-5223,Other,Medium,Hospice,Hospice,yes
"Living Waters Hospice, LLC","3711 US HIGHWAY 68, GOLDEN VALLEY, AZ 86413-7520",928-565-9000,Other,Medium,Hospice,Hospice,yes
"LOVING HANDS HOSPICE, INC","11811 N TATUM BLVD, PHOENIX, AZ 85028-1614",602-612-8656,Other,Medium,Hospice,Hospice,yes
LUMICARE HOSPICE,"8777 E HARTFORD DR STE 130, SCOTTSDALE, AZ 85255-5692",602-795-9705,Other,Medium,Hospice,Hospice,yes
MAGGIE'S HOSPICE,"940 N SWITZER CANYON DR, FLAGSTAFF, AZ 86001-4852",928-775-2290,Other,Medium,Hospice,Hospice,yes
"MAGGIE'S HOSPICE, LLC","801 MILLER VALLEY RD, PRESCOTT, AZ 86301-1815",928-775-2290,Other,Medium,Hospice,Hospice,yes
MAGGIES HOSPICE LLC,"203 S CANDY LN STE 12, COTTONWOOD, AZ 86326-8114",928-496-6500,Other,Medium,Hospice,Hospice,yes
MANOR HOSPICE LTD,"4150 W PEORIA AVE, PHOENIX, AZ 85029-3900",602-691-0900,Other,Medium,Hospice,Hospice,yes
MARIPOSA HOSPICE LLC,"8751 N 51ST AVE STE 121H, GLENDALE, AZ 85302-4900",480-343-8045,Other,Medium,Hospice,Hospice,yes
MAYFLOWER HOSPICE CARE INC,"20 E THOMAS RD STE 2200, PHOENIX, AZ 85012-3133",480-933-1034,Other,Medium,Hospice,Hospice,yes
"MD HOSPICE CARE, LLC","7500 N DREAMY DRAW DR, PHOENIX, AZ 85020-4660",602-266-9971,Other,Medium,Hospice,Hospice,yes
MED CARE HOSPICE INC,"2415 E CAMELBACK RD, PHOENIX, AZ 85016-4288",602-805-4882,Other,Medium,Hospice,Hospice,yes
"MESA VIEW HOSPICE, LLC","4072 E FARM RD, LITTLEFIELD, AZ 86432-5175",928-347-4567,Other,Medium,Hospice,Hospice,yes
MIRAGE HOSPICE CARE INC,"11747 N 19TH AVE STE 10, PHOENIX, AZ 85029-3590",480-805-2353,Other,Medium,Hospice,Hospice,yes
"MOUNTAIN VIEW HOSPICE, LLC","8263 W THUNDERBIRD RD # SU, PEORIA, AZ 85381-4615",623-230-3698,Other,Medium,Hospice,Hospice,yes
NANA HOPE HOSPICE,"1620 N 48TH ST, PHOENIX, AZ 85008-7723",480-352-1667,Other,Medium,Hospice,Hospice,yes
NEIGHBORHOOD HOSPICE,"2338 W ROYAL PALM RD # SUI, PHOENIX, AZ 85021-9339",602-774-0051,Other,Medium,Hospice,Hospice,yes
"NEW BEGINNING HOSPICE AND PALLIATIVE CARE, LLC","18001 N 79TH AVE, GLENDALE, AZ 85308-8388",623-312-6271,Other,Medium,Hospice,Hospice,yes
NOBLE HOSPICE AND PALLIATIVE CARE,"2222 S DOBSON RD STE 1004, MESA, AZ 85202-6200",480-868-2845,Other,Medium,Hospice,Hospice,yes
NORTHERN ARIZONA HOSPICE,"203 S CANDY LN STE 2A, COTTONWOOD, AZ 86326-4172",928-639-6676,Other,Medium,Hospice,Hospice,yes
NORTHERN ARIZONA HOSPICE,"1501 S YALE ST, FLAGSTAFF, AZ 86001-7304",928-779-9795,Other,Medium,Hospice,Hospice,yes
"NORTHLAND HOSPICE AND PALLIATIVE CARE, INC.","452 N SWITZER CANYON DR, FLAGSTAFF, AZ 86001-4855",928-779-1227,Other,Medium,Hospice,Hospice,yes
"NUEVA HOSPICE & PALLIATIVE CARE, LLC","14362 N FRANK LLOYD WRIGHT BLVD, SCOTTSDALE, AZ 85260-8846",602-540-9690,Other,Medium,Hospice,Hospice,yes
OAKMONT HOSPICE LLC,"13416 N 32ND ST STE 107A, PHOENIX, AZ 85032-6000",480-716-4517,Other,Medium,Hospice,Hospice,yes
"OAKRIDGE HOSPICE, LLC","13416 N 32ND ST, PHOENIX, AZ 85032-6000",480-508-8588,Other,Medium,Hospice,Hospice,yes
"OMEGALIFE HOSPICE OF ARIZONA, INC","10000 N 31ST AVE, PHOENIX, AZ 85051-9582",602-606-8898,Other,Medium,Hospice,Hospice,yes
OPTIMAL HOSPICE INC,"64 E BROADWAY RD STE 2, TEMPE, AZ 85282-1353",623-887-8837,Other,Medium,Hospice,Hospice,yes
Oshyn Hospice and Palliative Care,"1870 W PRINCE RD STE 3, TUCSON, AZ 85705-2962",520-795-3535,Other,Medium,Hospice,Hospice,yes
OTIUM HOSPICE INC,"64 E BROADWAY RD STE 2, TEMPE, AZ 85282-1353",602-844-8245,Other,Medium,Hospice,Hospice,yes
Ovation Hospice of Phoenix,"410 N SCOTTSDALE RD STE 1000, TEMPE, AZ 85288-7095",602-669-9812,Other,Medium,Hospice,Hospice,yes
PASSION HOSPICE,"2550 W UNION HILLS DR, PHOENIX, AZ 85027-5163",480-485-8000,Other,Medium,Hospice,Hospice,yes
"Pillars Hospice Care, LLC","10221 N 32ND ST, PHOENIX, AZ 85028-3849",602-788-1138,Other,Medium,Hospice,Hospice,yes
POLARIS HOSPICE LLC,"8751 N 51ST AVE STE 1, GLENDALE, AZ 85302-4941",480-343-8045,Other,Medium,Hospice,Hospice,yes
POSITIVE NATURE HOSPICE LLC,"7620 N HARTMAN LN STE 180, TUCSON, AZ 85743-7485",520-614-6326,Other,Medium,Hospice,Hospice,yes
Prestige Health Hospice,"4555 S PALO VERDE RD STE 163, TUCSON, AZ 85714-1959",520-358-0946,Other,Medium,Hospice,Hospice,yes
PRIMAVERA HOSPICE LLC,"8751 N 51ST AVE, GLENDALE, AZ 85302-4941",480-330-6875,Other,Medium,Hospice,Hospice,yes
PRISM HOSPICE,"401 N ALMA SCHOOL RD # SU, CHANDLER, AZ 85224-4368",480-246-9242,Other,Medium,Hospice,Hospice,yes
PRISTINE HOSPICE LLC,"8607 N 59TH AVE, GLENDALE, AZ 85302-5433",480-343-8045,Other,Medium,Hospice,Hospice,yes
PRO CARE HOSPICE INC,"3420 E SHEA BLVD STE 200, PHOENIX, AZ 85028-3348",602-805-7770,Other,Medium,Hospice,Hospice,yes
PRO LIFE HOSPICE CARE INC,"4150 W PEORIA AVE, PHOENIX, AZ 85029-3900",480-674-0595,Other,Medium,Hospice,Hospice,yes
"QUALITY HOSPICE CARE, INC.","3085 N WINDSONG DR STE B, PRESCOTT VALLEY, AZ 86314-2248",480-588-8200,Other,Medium,Hospice,Hospice,yes
RD Hospice,"16165 N 83RD AVE STE 20, PEORIA, AZ 85382-5816",623-688-0011,Other,Medium,Hospice,Hospice,yes
Remedy Hospice Care Inc,"1555 E UNIVERSITY DR, MESA, AZ 85203-8141",480-213-7845,Other,Medium,Hospice,Hospice,yes
"RIVER HOSPICE, LLC","1930 S ALMA SCHOOL RD, MESA, AZ 85210-3064",623-810-1320,Other,Medium,Hospice,Hospice,yes
RIVER VALLEY HOSPICE,"3954 FRONTAGE RD, BULLHEAD CITY, AZ 86442-8176",928-683-4041,Other,Medium,Hospice,Hospice,yes
RIVER VALLEY HOSPICE,"1317 S JOSHUA AVE, PARKER, AZ 85344-5721",928-683-4041,Other,Medium,Hospice,Hospice,yes
RIVER VALLEY HOSPICE,"2601 N STOCKTON HILL RD, KINGMAN, AZ 86401-4191",928-293-2363,Other,Medium,Hospice,Hospice,yes
RNHA HOSPICE CARE INC,"4150 W PEORIA AVE STE 114-B, PHOENIX, AZ 85029-3949",480-300-3130,Other,Medium,Hospice,Hospice,yes
ROYAL HOSPICE CARE LLC,"14809 N 73RD ST, SCOTTSDALE, AZ 85260-3104",480-626-8242,Other,Medium,Hospice,Hospice,yes
Ruby Hospice Care Inc,"4150 W PEORIA AVE, PHOENIX, AZ 85029-3900",602-887-3105,Other,Medium,Hospice,Hospice,yes
SAGE HOSPICE,"4733 N 1ST AVE, TUCSON, AZ 85718-5610",520-475-3425,Other,Medium,Hospice,Hospice,yes
SAGE HOSPICE LLC,"5111 N SCOTTSDALE RD, SCOTTSDALE, AZ 85250-7075",480-777-5117,Other,Medium,Hospice,Hospice,yes
SALUS HOSPICE,"8701 E VISTA BONITA DR # SUI, SCOTTSDALE, AZ 85255-3207",949-390-7308,Other,Medium,Hospice,Hospice,yes
Sapphire Hospice,"3377 S PRICE RD STE 3, CHANDLER, AZ 85248-3573",480-347-9866,Other,Medium,Hospice,Hospice,yes
Savior Hospice,"4530 E SHEA BLVD, PHOENIX, AZ 85028-6065",480-320-4733,Other,Medium,Hospice,Hospice,yes
SAVIOR HOSPICE,"14780 W MOUNTAIN VIEW BLVD, SURPRISE, AZ 85374-4799",605-210-1254,Other,Medium,Hospice,Hospice,yes
SAVIOR HOSPICE,"5658 HIGHWAY 260 STE 15, LAKESIDE, AZ 85929-5189",480-320-4733,Other,Medium,Hospice,Hospice,yes
SAVIOR HOSPICE,"1640 N PEART RD, CASA GRANDE, AZ 85122-2564",420-320-4733,Other,Medium,Hospice,Hospice,yes
SCOTTSDALE HOSPICE OF THE VALLEY,"16117 N 76TH ST, SCOTTSDALE, AZ 85260-1793",480-663-6500,Other,Medium,Hospice,Hospice,yes
Select Home Hospice,"65 S SYCAMORE STE 2B, MESA, AZ 85202-1143",480-608-7030,Other,Medium,Hospice,Hospice,yes
Serenity Hospice,"5059 S LAKEWOOD RD, FORT MOHAVE, AZ 86426-6501",928-788-0027,Other,Medium,Hospice,Hospice,yes
SERENITY HOSPICE SERVICES INC,"13231 N 35TH AVE, PHOENIX, AZ 85029-1233",480-716-3044,Other,Medium,Hospice,Hospice,yes
"Shanti Hospice, Llc","501 W RAY RD STE 6, CHANDLER, AZ 85225-7284",480-788-7284,Other,Medium,Hospice,Hospice,yes
SOLACE HOSPICE AND PALLIATIVE CARE,"16841 N 31ST AVE, PHOENIX, AZ 85053-3012",623-440-3068,Other,Medium,Hospice,Hospice,yes
"SOLACE HOSPICE, LLC","16841 N 31ST AVE, PHOENIX, AZ 85053-3012",602-888-7037,Other,Medium,Hospice,Hospice,yes
SOLARIS HOSPICE,"3173 N WINDSONG DR, PRESCOTT VALLEY, AZ 86314-2240",940-627-1011,Other,Medium,Hospice,Hospice,yes
SONORA CARE HOSPICE LLC,"312 N ALMA SCHOOL RD # SUI, CHANDLER, AZ 85224-4354",480-286-4748,Other,Medium,Hospice,Hospice,yes
SOULISTIC HOSPICE,"16 CALLE IGLESIA # 18, TUBAC, AZ 85646-0032",520-398-2333,Other,Medium,Hospice,Hospice,yes
SOULISTIC HOSPICE (031577),"2344 E SPEEDWAY BLVD, TUCSON, AZ 85719-4729",520-882-4111,Other,Medium,Hospice,Hospice,yes
Southwestern Palliative Care and Hospice,"1950 W 3RD ST STE B, YUMA, AZ 85364-1812",928-276-4477,Other,Medium,Hospice,Hospice,yes
SPERO HOSPICE LLC,"13416 N 32ND ST STE 112, PHOENIX, AZ 85032-6000",602-601-4936,Other,Medium,Hospice,Hospice,yes
ST RITA HOSPICE INC,"13201 N 35TH AVE, PHOENIX, AZ 85029-1222",602-922-0266,Other,Medium,Hospice,Hospice,yes
STEADFAST LOVE HOSPICE LLC,"1050 E UNIVERSITY DR # SU, MESA, AZ 85203-8046",480-805-3111,Other,Medium,Hospice,Hospice,yes
STILLWATER HOSPICE,"22601 N 19TH AVE STE 230, PHOENIX, AZ 85027-1362",602-567-9953,Other,Medium,Hospice,Hospice,yes
"STONERIDGE HOSPICE, LLC","20860 N TATUM BLVD, PHOENIX, AZ 85050-4274",480-306-8655,Other,Medium,Hospice,Hospice,yes
SUMMIT HOSPICE,"7310 N 16TH ST, PHOENIX, AZ 85020-5258",602-535-8255,Other,Medium,Hospice,Hospice,yes
"Suncrest Hospice Phoenix, LLC","4650 E COTTON CENTER BLVD, PHOENIX, AZ 85040-4800",602-633-1828,Other,Medium,Hospice,Hospice,yes
SUNSET HOSPICE LLC,"6612 E CARONDELET DR # SUI, TUCSON, AZ 85710-2119",520-245-9431,Other,Medium,Hospice,Hospice,yes
SUPPORTIVE HANDS HOSPICE INC,"2930 E CAMELBACK RD STE 120, PHOENIX, AZ 85016-4412",602-806-7205,Other,Medium,Hospice,Hospice,yes
SUPREME CARE HOSPICE INC,"13201 N 35TH AVE, PHOENIX, AZ 85029-1222",623-303-2891,Other,Medium,Hospice,Hospice,yes
Synergy Hospice Service Inc,"2432 W PEORIA AVE STE 1343, PHOENIX, AZ 85029-4741",602-960-6030,Other,Medium,Hospice,Hospice,yes
T M C HOSPICE AKA PEPPI'S HOUSE,"2715 N WYATT DR, TUCSON, AZ 85712-6111",520-307-6257,Other,Medium,Hospice,Hospice,yes
THE PINES HOSPICE,"6719 E 2ND ST STE A, PRESCOTT VALLEY, AZ 86314-2661",928-632-0111,Other,Medium,Hospice,Hospice,yes
Trifinity Hospice Inc,"11811 N TATUM BLVD, PHOENIX, AZ 85028-1614",818-470-6457,Other,Medium,Hospice,Hospice,yes
TRUE NORTH HOSPICE,"2432 W PEORIA AVE, PHOENIX, AZ 85029-4726",602-246-5096,Other,Medium,Hospice,Hospice,yes
Unicare Hospice Inc,"105 W 16TH ST STE A, YUMA, AZ 85364-4758",928-248-4110,Other,Medium,Hospice,Hospice,yes
UNITED HOSPICE & PALLIATIVE CARE OF ARIZONA,"2222 W PARKSIDE LN STE 109, PHOENIX, AZ 85027-1260",602-296-4717,Other,Medium,Hospice,Hospice,yes
UNIVERSAL HOSPICE CARE SERVICES,"13201 N 35TH AVE, PHOENIX, AZ 85029-1222",602-922-0446,Other,Medium,Hospice,Hospice,yes
Uplift Hospice,"8777 E VIA DE VENTURA, SCOTTSDALE, AZ 85258-3343",480-350-7554,Other,Medium,Hospice,Hospice,yes
"Valley Care Hospice, Inc","2577 W QUEEN CREEK RD STE 200B, CHANDLER, AZ 85248-0913",480-359-3998,Other,Medium,Hospice,Hospice,yes
Valleyside Hospice Inc,"8751 N 51ST AVE STE 120, GLENDALE, AZ 85302-4925",602-600-8944,Other,Medium,Hospice,Hospice,yes
Valor Hospice,"1048 E FRY BLVD, SIERRA VISTA, AZ 85635-2683",520-458-9450,Other,Medium,Hospice,Hospice,yes
VESSEL LOVING HEART HOSPICE,"12406 N 32ND ST, PHOENIX, AZ 85032-7146",602-309-4292,Other,Medium,Hospice,Hospice,yes
"Victory Hospice, Llc","10210 N 32ND ST STE C202-C, PHOENIX, AZ 85028-3827",623-256-8098,Other,Medium,Hospice,Hospice,yes
Vital Hospice Care Inc,"18185 N 83RD AVE STE 206, GLENDALE, AZ 85308-0519",480-631-4777,Other,Medium,Hospice,Hospice,yes
Westcare Hospice & Palliative Care LLC,"2025 N 3RD ST STE 16, PHOENIX, AZ 85004-1471",480-376-0433,Other,Medium,Hospice,Hospice,yes
WHITE ROSE HOSPICE,"4131 N 24TH ST STE A116, PHOENIX, AZ 85016-6262",602-354-7887,Other,Medium,Hospice,Hospice,yes
"WINGS OF HOPE HOSPICE AND PALLIATIVE CARE, INC.","11022 N 28TH DR, PHOENIX, AZ 85029-5633",602-971-0304,Other,Medium,Hospice,Hospice,yes
ZEPHYR HOSPICE,"14040 N CAVE CREEK RD, PHOENIX, AZ 85022-6117",480-584-4373,Other,Medium,Hospice,Hospice,yes
ZION'S WAY HOSPICE,"43 6TH AVE, PAGE, AZ 86040-0470",928-645-0366,Other,Medium,Hospice,Hospice,yes
ABRAZO SPINE INSTITUTE ARROWHEAD,"18699 N 67TH AVE, GLENDALE, AZ 85308-7140",602-396-9894,Orthopedic Office,High,Primary Care Office,Orthopedic Office,no
ARIZONA CENTER FOR CANCER CARE,"7337 E 2ND ST, SCOTTSDALE, AZ 85251-5603",480-278-8862,Oncology Office,Low,Other,Oncology Office,no
ARIZONA CENTER FOR CANCER CARE,"14674 W MOUNTAIN VIEW BLVD, SURPRISE, AZ 85374-2706",623-209-9847,Oncology Office,Low,Other,Oncology Office,no
ARIZONA CENTER FOR CANCER CARE,"3645 S ROME ST STE 116, GILBERT, AZ 85297-7337",623-512-5780,Oncology Office,Low,Other,Oncology Office,no
ARIZONA CENTER FOR CANCER CARE,"10460 N 92ND ST STE 101, SCOTTSDALE, AZ 85258-4547",620-361-1234,Oncology Office,Low,Other,Oncology Office,no
ARIZONA CENTER FOR CANCER CARE,"14674 W MOUNTAIN VIEW BLVD, SURPRISE, AZ 85374-2706",602-361-1234,Oncology Office,Low,Other,Oncology Office,no
ARIZONA CENTER FOR CANCER CARE,"19646 N 27TH AVE STE 108, PHOENIX, AZ 85027-4025",480-278-8862,Oncology Office,Low,Other,Oncology Office,no
ARIZONA CENTER FOR CANCER CARE,"14155 N 83RD AVE, PEORIA, AZ 85381-5639",480-278-8862,Oncology Office,Low,Other,Oncology Office,no
ARIZONA SKIN CANCER SURGERY CENTER P C,"5980 N LA CHOLLA BLVD, TUCSON, AZ 85741-3535",520-887-3333,Oncology Office,High,Primary Care Office,Oncology Office,no
"ARIZONA SPINE AND PAIN SPECIALISTS, LLC","201 W GUADALUPE RD, GILBERT, AZ 85233-3332",602-795-8700,Orthopedic Office,High,Primary Care Office,Orthopedic Office,no
"ARIZONA SPINE AND PAIN SPECIALISTS, LLC","33747 N SCOTTSDALE RD, SCOTTSDALE, AZ 85266-1565",602-795-8700,Orthopedic Office,High,Primary Care Office,Orthopedic Office,no
"ARIZONA SPINE AND PAIN SPECIALISTS, LLC","1325 N LITCHFIELD RD # 12, GOODYEAR, AZ 85395-1213",602-795-8700,Orthopedic Office,High,Primary Care Office,Orthopedic Office,no
"ARIZONA SPINE AND PAIN SPECIALISTS, LLC","7200 W BELL RD STE F-1, GLENDALE, AZ 85308-8529",602-795-8700,Orthopedic Office,High,Primary Care Office,Orthopedic Office,no
"ARIZONA SPINE AND PAIN SPECIALISTS, LLC","725 S DOBSON RD STE 100, CHANDLER, AZ 85224-5676",602-795-8700,Orthopedic Office,High,Primary Care Office,Orthopedic Office,no
"ARIZONA SPINE AND PAIN SPECIALISTS, LLC","2222 E HIGHLAND AVE # SUI, PHOENIX, AZ 85016-4872",602-795-8700,Orthopedic Office,High,Primary Care Office,Orthopedic Office,no
"ARIZONA SPINE AND PAIN SPECIALISTS, LLC","1760 E FLORENCE BLVD, CASA GRANDE, AZ 85122-4764",602-795-8700,Orthopedic Office,High,Primary Care Office,Orthopedic Office,no
"ARIZONA SPINE AND PAIN SPECIALISTS, LLC","14420 W MEEKER BLVD # 2, SUN CITY WEST, AZ 85375-5286",602-795-8700,Orthopedic Office,High,Primary Care Office,Orthopedic Office,no
ARIZONA SPORTS MEDICINE - SCOTTSDALE,"8630 E VIA DE VENTURA, SCOTTSDALE, AZ 85258-3326",480-558-3744,Orthopedic Office,Low,Other,Orthopedic Office,no
ARIZONA SPORTS MEDICINE CENTER MESA,"1840 S STAPLEY DR, MESA, AZ 85204-6681",602-396-9894,Orthopedic Office,Low,Other,Orthopedic Office,no
BANNER MD ANDERSON CANCER CENTER,"14416 W MEEKER BLVD, SUN CITY WEST, AZ 85375-5284",623-876-3800,Oncology Office,Low,Other,Oncology Office,no
BANNER MD ANDERSON CANCER CENTER,"2946 E BANNER GATEWAY DR, GILBERT, AZ 85234-2165",480-256-2165,Oncology Office,Low,Other,Oncology Office,no
BANNER MD ANDERSON CANCER CENTER RADIATION TRTMNT,"10424 W SANTA FE DR, SUN CITY, AZ 85351-3012",623-832-3400,Oncology Office,Low,Other,Oncology Office,no
BANNER MD ANDERSON CANCER CTR- IMAGING CENTER,"2940 E BANNER GATEWAY DR, GILBERT, AZ 85234-2168",480-543-6909,Oncology Office,Low,Other,Oncology Office,no
BANNER SURGERY CENTER - SPORTS MEDICINE,"7400 N DOBSON RD STE 301, SCOTTSDALE, AZ 85256-2771",602-362-5107,Orthopedic Office,High,Primary Care Office,Orthopedic Office,no
BANNER- UNIVERSITY SPORTS MEDICINE AND CONCUSSION,"1320 N 10TH ST, PHOENIX, AZ 85006-2710",602-839-7285,Orthopedic Office,Low,Other,Orthopedic Office,no
CANYON PAIN AND SPINE,"14445 W MCDOWELL RD, GOODYEAR, AZ 85395-2518",623-232-8787,Orthopedic Office,High,Primary Care Office,Orthopedic Office,no
CANYON PAIN AND SPINE,"6320 W UNION HILLS DR STE A270, GLENDALE, AZ 85308-7175",623-250-5288,Orthopedic Office,High,Primary Care Office,Orthopedic Office,no
CANYON PAIN AND SPINE,"10238 E HAMPTON AVE STE 416, MESA, AZ 85209-3320",480-550-9393,Orthopedic Office,High,Primary Care Office,Orthopedic Office,no
CANYON PAIN AND SPINE,"1425 S HIGLEY RD BLDG 9, GILBERT, AZ 85296-4798",480-550-9393,Orthopedic Office,High,Primary Care Office,Orthopedic Office,no
CARDIAC CATH LAB OF PHOENIX,"1910 E THOMAS RD STE 1, PHOENIX, AZ 85016-7766",480-470-0003,Cardiology Office,Low,Other,Cardiology Office,no
"CARDIAC IMAGING, INC.","600 S 56TH ST STE 7, CHANDLER, AZ 85226-4207",800-998-2035,Cardiology Office,Low,Other,Cardiology Office,no
CARDIAC SURGERY CENTER OF ARIZONA LLC,"20199 N 67TH AVE, GLENDALE, AZ 85308-7001",623-561-9002,Cardiology Office,High,Primary Care Office,Cardiology Office,no
CARDIAC SURGERY CENTER OF PHOENIX,"1910 E THOMAS RD STE 1, PHOENIX, AZ 85016-7766",713-812-7586,Cardiology Office,High,Primary Care Office,Cardiology Office,no
CITY OF HOPE CANCER CARE GILBERT,"3530 S VAL VISTA DR # SU, GILBERT, AZ 85297-7318",623-207-3000,Oncology Office,Low,Other,Oncology Office,no
CITY OF HOPE CANCER CARE NORTH PHOENIX,"2915 W ROSE GARDEN LN, PHOENIX, AZ 85027-3127",623-932-8960,Oncology Office,Low,Other,Oncology Office,no
CITY OF HOPE CANCER CARE NORTH PHOENIX,"20950 N 29TH AVE, PHOENIX, AZ 85027-3110",623-207-3000,Oncology Office,Low,Other,Oncology Office,no
COTTONWOOD PAIN MANAGEMENT AND SPINE SPECIALIST,"1 N MAIN ST, COTTONWOOD, AZ 86326-3864",602-589-0500,Orthopedic Office,High,Primary Care Office,Orthopedic Office,no
DESERT INTERVENTIONAL SPINE CONSULTANTS,"1410 W GUADALUPE RD BLDG 4, GILBERT, AZ 85233-3003",480-838-1914,Orthopedic Office,High,Primary Care Office,Orthopedic Office,no
DIGNITY HEALTH CANCER INSTITUTE AT ST JOSEPHS HOSP,"625 N 6TH ST, PHOENIX, AZ 85004-2155",602-406-3000,Oncology Office,Low,Other,Oncology Office,no
ELITE PAIN AND SPINE INSTITUTE PLC,"1641 E OSBORN RD, PHOENIX, AZ 85016-7146",602-790-1177,Orthopedic Office,High,Primary Care Office,Orthopedic Office,no
"ELITE PAIN AND SPINE INSTITUTE, PLC","1810 S CRISMON RD, MESA, AZ 85209-3717",702-374-2910,Orthopedic Office,High,Primary Care Office,Orthopedic Office,no
"ELITE PAIN AND SPINE INSTITUTE, PLC","535 E MCKELLIPS RD, MESA, AZ 85203-2522",480-900-7373,Orthopedic Office,High,Primary Care Office,Orthopedic Office,no
"ESSENTIAL FOOT & NAIL CARE, LLC","11551 S FORTUNA RD, YUMA, AZ 85367-7853",928-920-5451,Podiatry Office,Low,Other,Podiatry Office,no
FRESENIUS KIDNEY CARE CANYON VISTA,"5555 MESA VERDE DR STE 1, SIERRA VISTA, AZ 85635-4311",520-458-4490,Nephrology Office,Low,Other,Nephrology Office,no
FRESENIUS KIDNEY CARE COTTONWOOD,"455 S CALVARY WAY, COTTONWOOD, AZ 86326-4169",928-649-5925,Nephrology Office,Low,Other,Nephrology Office,no
FRESENIUS KIDNEY CARE DESERT SAGE,"4901 W MCDOWELL RD, PHOENIX, AZ 85035-4160",602-272-3116,Nephrology Office,Low,Other,Nephrology Office,no
FRESENIUS KIDNEY CARE GATEWAY,"450 S GILBERT RD, CHANDLER, AZ 85225-2479",480-926-9339,Nephrology Office,Low,Other,Nephrology Office,no
FRESENIUS KIDNEY CARE PRESCOTT VALLEY EAST,"7862 E FLORENTINE RD # SUI, PRESCOTT VALLEY, AZ 86314-2690",928-772-2370,Nephrology Office,Low,Other,Nephrology Office,no
FRESENIUS KIDNEY CARE TANGERINE CROSSING,"3600 W TANGERINE RD, MARANA, AZ 85658-5165",520-477-3041,Nephrology Office,Low,Other,Nephrology Office,no
FRESENIUS KIDNEY CARE WESTERN SKIES,"1041 NORTH ARIZOLA ROAD, CASA GRANDE, 85222",520-836-5883,Nephrology Office,Low,Other,Nephrology Office,no
FRESENIUS KIDNEY CARE WESTGATE,"6622 N 91ST AVE, GLENDALE, AZ 85305-2512",602-281-7671,Nephrology Office,Low,Other,Nephrology Office,no
FRESENIUS KIDNEY CARE WESTGATE HOME,"6622 N 91ST AVE, GLENDALE, AZ 85305-2512",623-877-0920,Nephrology Office,Low,Other,Nephrology Office,no
HONORHEALTH CANCER CARE,"1110 S DOBSON RD STE 1, CHANDLER, AZ 85286-6164",623-238-7540,Oncology Office,High,Hospital,Oncology Office,no
HONORHEALTH CANCER CARE,"3645 S ROME ST STE 209, GILBERT, AZ 85297-7338",623-238-7370,Oncology Office,High,Hospital,Oncology Office,no
HONORHEALTH CANCER CARE,"19646 N 27TH AVE, PHOENIX, AZ 85027-4017",815-541-2507,Oncology Office,High,Hospital,Oncology Office,no
HONORHEALTH CANCER CARE,"9250 N 3RD ST STE 3010, PHOENIX, AZ 85020-2425",310-909-3898,Oncology Office,High,Hospital,Oncology Office,no
HONORHEALTH CANCER CARE,"3621 N WELLS FARGO AVE, SCOTTSDALE, AZ 85251-5607",480-583-1009,Oncology Office,High,Hospital,Oncology Office,no
HONORHEALTH CANCER CARE,"16716 E PALISADES BLVD, FOUNTAIN HILLS, AZ 85268-3846",602-238-7570,Oncology Office,High,Hospital,Oncology Office,no
HONORHEALTH CANCER CARE,"14674 W MOUNTAIN VIEW BLVD, SURPRISE, AZ 85374-2706",602-818-7344,Oncology Office,High,Hospital,Oncology Office,no
HONORHEALTH CANCER CARE,"10320 W MCDOWELL RD, AVONDALE, AZ 85392-4863",623-695-7928,Oncology Office,High,Hospital,Oncology Office,no
HONORHEALTH CANCER CARE,"5750 W THUNDERBIRD RD # C, GLENDALE, AZ 85306-4660",855-485-4673,Oncology Office,High,Hospital,Oncology Office,no
HONORHEALTH CANCER CARE,"20745 N SCOTTSDALE RD, SCOTTSDALE, AZ 85255-6594",602-421-7832,Oncology Office,High,Hospital,Oncology Office,no
HONORHEALTH CANCER CARE,"10460 N 92ND ST, SCOTTSDALE, AZ 85258-4549",623-238-7630,Oncology Office,High,Hospital,Oncology Office,no
HONORHEALTH CANCER CARE,"10460 N 92ND ST STE 40, SCOTTSDALE, AZ 85258-4549",623-238-7673,Oncology Office,High,Hospital,Oncology Office,no
HONORHEALTH CANCER CARE,"7695 S RESEARCH DR, TEMPE, AZ 85284-1812",480-587-5493,Oncology Office,High,Hospital,Oncology Office,no
HONORHEALTH CANCER CARE,"2222 E HIGHLAND AVE # SUI, PHOENIX, AZ 85016-4872",602-277-4868,Oncology Office,High,Hospital,Oncology Office,no
HONORHEALTH CANCER CARE,"10197 N 92ND ST, SCOTTSDALE, AZ 85258-4560",602-943-2391,Oncology Office,High,Hospital,Oncology Office,no
HONORHEALTH CANCER TRANSPLANT INSTITUTE,"10460 N 92ND ST STE 300, SCOTTSDALE, AZ 85258-4547",480-323-1573,Oncology Office,High,Hospital,Oncology Office,no
HONORHEALTH PULMONARY HYPERTENSION CLINIC,"9250 N 3RD ST STE 2, PHOENIX, AZ 85020-2437",602-786-0220,Pulmonology Office,High,Hospital,Pulmonology Office,no
"INSTITUTE FOR SPORTS MEDICINE, THE","6130 N LA CHOLLA BLVD, TUCSON, AZ 85741-3557",520-469-8052,Orthopedic Office,Low,Other,Orthopedic Office,no
MAYO CLINIC SPORTS MEDICINE CENTER,"63 S ROCKFORD DR, TEMPE, AZ 85288-6212",480-342-4201,Orthopedic Office,Low,Other,Orthopedic Office,no
MAYO CLINIC SPORTS MEDICINE CENTER - RIVER,"58 S RIVER DR STE 160, TEMPE, AZ 85288-3774",480-342-4201,Orthopedic Office,Low,Other,Orthopedic Office,no
MT GRAHAM SPINE AND PAIN,"2241 W 16TH ST, SAFFORD, AZ 85546-4085",928-432-6369,Orthopedic Office,High,Primary Care Office,Orthopedic Office,no
NORTHWEST BONE & JOINT AT LA CHOLLA,"6130 N LA CHOLLA BLVD, TUCSON, AZ 85741-3557",520-907-4606,Orthopedic Office,Low,Other,Orthopedic Office,no
NORTHWEST BONE & JOINT AT ORO VALLEY,"1521 E TANGERINE RD, ORO VALLEY, AZ 85755-6225",520-268-0128,Orthopedic Office,Low,Other,Orthopedic Office,no
NORTHWEST BONE AND JOINT,"1871 W ORANGE GROVE RD, TUCSON, AZ 85704-1288",520-437-9488,Orthopedic Office,Low,Other,Orthopedic Office,no
NOVASPINE PAIN INSTITUTE,"13203 N 103RD AVE, SUN CITY, AZ 85351-3028",623-777-4747,Orthopedic Office,High,Primary Care Office,Orthopedic Office,no
"PAIN AND SPINE TREATMENT CENTER, LLC","16620 N 40TH ST, PHOENIX, AZ 85032-3348",602-350-0491,Orthopedic Office,High,Primary Care Office,Orthopedic Office,no
PARKER PODIATRY,"1713 S KOFA AVE STE K, PARKER, AZ 85344-6402",928-669-3033,Podiatry Office,Low,Other,Podiatry Office,no
"PHOENIX SPINE AND JOINT GILBERT,ASC, LLC","1760 E PECOS RD STE 128, GILBERT, AZ 85295-3206",602-256-2525,Orthopedic Office,High,Primary Care Office,Orthopedic Office,no
"PHOENIX SPINE GOODYEAR ASC, LLC","140 N LITCHFIELD RD # SUI, GOODYEAR, AZ 85338-1277",602-256-2525,Orthopedic Office,High,Primary Care Office,Orthopedic Office,no
PIONEER SPORTS AND SPINE,"4915 E BASELINE RD, GILBERT, AZ 85234-2965",480-249-5525,Orthopedic Office,High,Primary Care Office,Orthopedic Office,no
PONDEROSA HEART HOUSE CALL,"2162 E WILLIAMS FIELD RD, GILBERT, AZ 85295-0735",480-795-1515,Home Visit Physician Group,Low,Other,Home Visit Physician Group,no
"SAGUARO JOINT AND SPINE, LLC","2919 S ELLSWORTH RD STE 109, MESA, AZ 85212-2165",480-597-4321,Orthopedic Office,High,Primary Care Office,Orthopedic Office,no
SCOTTSDALE KIDNEY CENTER LLC,"6970 E CHAUNCEY LN, PHOENIX, AZ 85054-5157",480-515-2160,Nephrology Office,Low,Other,Nephrology Office,no
SUMMIT HEALTHCARE CANCER CENTER,"2500 E HUNT DR STE H, SHOW LOW, AZ 85901-7954",928-537-6937,Oncology Office,Low,Other,Oncology Office,no
TMCONE PULMONARY ASSOCIATES,"1951 N WILMOT RD, TUCSON, AZ 85712-8000",520-318-1114,Pulmonology Office,Low,Other,Pulmonology Office,no
VIRGINIA G. PIPER CANCER CENTER,"10460 N 92ND ST, SCOTTSDALE, AZ 85258-4549",480-323-1250,Oncology Office,Low,Other,Oncology Office,no
YRMC CANCER CENTER,"2375 S RIDGEVIEW DR, YUMA, AZ 85364-8868",928-317-2518,Oncology Office,Low,Other,Oncology Office,no
ZONA SPINE AND PAIN,"750 N ESTRELLA PKWY # SU, GOODYEAR, AZ 85338-9272",623-321-5079,Orthopedic Office,High,Primary Care Office,Orthopedic Office,no
